
create table pedidosremotos (
	Talonario int (11),
	Pedido int (11),
	Fecha text ,
	Cliente int (11),
	Tipo int (11),
	Producto int (11),
	Bulto int (11),
	Unidades int (11),
	Cantidad int (11),
	Precio double ,
	Secuencia int (11),
	Estado text ,
	Cli_Nom text ,
	Pro_Nom text ,
	Lista int (11),
	Condicion text ,
	Ruta text ,
	Internos double ,
	Ingresada int (11),
	Info int (11),
	Vendedor text 
); 


create table remitosremotos (
	Talonario int (11),
	Pedido int (11),
	Secuencia int (11),
	Fecha text ,
	Cliente int (11),
	Tipo text ,
	Producto text ,
	Bulto int (11),
	Unidades int (11),
	Cantidad int (11),
	Estado text ,
	Cli_Nom text ,
	Pro_Nom text ,
	Ingresada int (11),
	Ingresada2 int (11)
);

create table productos (
	producto text ,
	pro_nom text ,
	precio text 
);

create table estados (
	estado char (3),
	nom_estado varchar (135)
);

create table clientes (
	cliente int (11),
	cli_nom text 
); 


insert  into estados(estado,nom_estado) values 
('A','PENDIENTE'),
('G','GENERADO'),
('I','IMPRESO'),
('X','ANULADO');

insert  into pedidosremotos(Talonario,Pedido,Fecha,Cliente,Tipo,Producto,Bulto,Unidades,Cantidad,Precio,Secuencia,Estado,Cli_Nom,Pro_Nom,Lista,Condicion,Ruta,Internos,Ingresada,Info,Vendedor) values 
(1,32316,'2022-01-28',13260,0,1260,0,64,100,674.42,1,'G','ZHOU XINFU - II','CHIC BELDENT MENTA FUERTE X 20 UND',3,'CDO','01',0,0,0,'023'),
(1,32316,'2022-01-28',13260,0,8370,0,70,30,65.2,2,'G','ZHOU XINFU - II','JAB LIMOL BOUQUET DE FLORES 3 X 90G 916',3,'CDO','01',0,0,0,'023'),
(1,32316,'2022-01-28',13260,0,8369,0,70,70,65.2,3,'G','ZHOU XINFU - II','JAB LIMOL VITALIDAD CITRICA 3 X 90G 915',3,'CDO','01',0,0,0,'023'),
(1,32316,'2022-01-28',13260,0,911,0,84,500,60.24,4,'G','ZHOU XINFU - II','PARLIAMENT BOX',3,'CDO','01',0,0,0,'023'),
(1,32316,'2022-01-28',13260,0,8265,0,30,30,120.95,5,'G','ZHOU XINFU - II','AGUA LAGOA DE MANANTIAL MINERAL X 6.5 L',3,'CDO','01',0,0,0,'023'),
(1,32316,'2022-01-28',13260,0,8303,0,36,36,54.98,6,'G','ZHOU XINFU - II','JAB POLVO ZORRO BLUE LAV MANO X 400G 941',3,'CDO','01',0,0,0,'023'),
(1,32316,'2022-01-28',13260,0,8300,0,36,36,54.98,7,'G','ZHOU XINFU - II','JAB POLVO ZORRO CLAS LAV MANO X 400G 375',3,'CDO','01',0,0,0,'023'),
(1,32316,'2022-01-28',13260,0,8306,0,36,36,54.98,8,'G','ZHOU XINFU - II','JAB POLVO ZORRO CLASICO MATIC X 400G 931',3,'CDO','01',0,0,0,'023'),
(1,32316,'2022-01-28',13260,0,8309,0,20,20,102.19,9,'G','ZHOU XINFU - II','JAB POLVO ZORRO BLUE MATIC X 800G 939',3,'CDO','01',0,0,0,'023'),
(1,32317,'2022-01-28',13429,0,3900,0,10,10,1772.81,1,'G','CAPTAK ACOSTA SERGIO DANIEL','RAZA PERROS ADULTOS CARNE x 21 KG',3,'CDO','06',0,10,0,'023'),
(1,32317,'2022-01-28',13429,0,8546,0,2,2,1448.74,3,'G','CAPTAK ACOSTA SERGIO DANIEL','RAZA PERROS AD CARNE Y MIX VEGET X 15 KG',3,'CDO','06',0,123,0,'023'),
(1,32317,'2022-01-28',13429,0,8499,0,2,2,1361.82,4,'G','CAPTAK ACOSTA SERGIO DANIEL','RAZA GATOS PESCADO OMEGA 3Y6 X 10 KG',3,'CDO','06',0,2,0,'023'),
(1,32320,'2022-01-28',12818,0,1213,0,4,4,84.72,1,'G','CHEN ZHENG - II','GALL OREO X 117 GR',6,'CDO','01',0,0,0,'023'),
(1,32322,'2022-01-28',12589,0,9659,0,30,30,309.7,1,'G','WENG HAN','VODKA SERNOVA TROPICAL PASSION X 700 CC',6,'CDO','07',98.04,0,0,'023'),
(1,32322,'2022-01-28',12589,0,8455,0,30,30,309.7,2,'G','WENG HAN','VODKA SERNOVA FRESH CITRUS X 700 CC',6,'CDO','07',98.04,0,0,'023'),
(1,32323,'2022-01-28',12589,0,8455,0,6,6,309.7,1,'G','WENG HAN','VODKA SERNOVA FRESH CITRUS X 700 CC',6,'CDO','07',98.04,0,0,'023'),
(1,32324,'2022-01-28',12757,0,1213,0,64,64,84.72,1,'G','XU BIXIA - II','GALL OREO X 117 GR',3,'CDO','01',0,0,0,'023'),
(1,32324,'2022-01-28',12757,0,9403,0,6,6,405,2,'G','XU BIXIA - II','WHISKY VAT 69 APPLE X 750 CC',3,'CDO','01',104.07,0,0,'023'),
(1,32324,'2022-01-28',12757,0,9405,0,6,6,405,3,'G','XU BIXIA - II','WHISKY VAT 69 GUARANA X 750 CC',3,'CDO','01',104.07,0,0,'023'),
(1,32324,'2022-01-28',12757,0,4314,0,12,12,362.14,4,'G','XU BIXIA - II','WHISKY VAT 69 X 750 CC',3,'CDO','01',93.06,0,0,'023'),
(1,32324,'2022-01-28',12757,0,3051,0,21,21,28.12,5,'G','XU BIXIA - II','TAB HAMLET LECHE Y COOKIE X 45 GR',3,'CDO','01',0,0,0,'023'),
(1,32324,'2022-01-28',12757,0,8436,0,16,16,84.36,6,'G','XU BIXIA - II','GALL OKEBON MOL NAT AVENA Y CACAO X 240',3,'CDO','01',0,0,0,'023'),
(1,32324,'2022-01-28',12757,0,8437,0,16,16,84.36,7,'G','XU BIXIA - II','GALL OKEBON MOL NAT AVENA Y PASAS X 232',3,'CDO','01',0,0,0,'023'),
(1,32324,'2022-01-28',12757,0,8422,0,16,16,84.36,8,'G','XU BIXIA - II','GALL OKEBON MOL NAT AVENA/GRAN X 236GR',3,'CDO','01',0,0,0,'023'),
(1,32324,'2022-01-28',12757,0,8420,0,36,36,63.8,9,'G','XU BIXIA - II','GALL OKEBON LECHE X 273 GR',3,'CDO','01',0,0,0,'023'),
(1,32324,'2022-01-28',12757,0,8435,0,18,18,65.69,10,'G','XU BIXIA - II','GALL OKEBON LECHE CHOCOLATADA X 273 GR',3,'CDO','01',0,0,0,'023'),
(1,32324,'2022-01-28',12757,0,2935,0,2,2,346.7,11,'G','XU BIXIA - II','CHUP CHUPENTON-CITO X 12 UND',3,'CDO','01',0,0,0,'023'),
(1,32324,'2022-01-28',12757,0,4441,0,18,18,61.1,12,'G','XU BIXIA - II','TOST RIERA CLASICA MESA X 200 GR',3,'CDO','01',0,0,0,'023'),
(1,32324,'2022-01-28',12757,0,4442,0,10,10,61.1,13,'G','XU BIXIA - II','TOST RIERA CLASICA INTEGRAL X 200 GR',3,'CDO','01',0,0,0,'023'),
(1,32324,'2022-01-28',12757,0,4440,0,10,10,61.1,14,'G','XU BIXIA - II','TOST RIERA CLASICA DULCE X 200 GR',3,'CDO','01',0,0,0,'023'),
(1,32324,'2022-01-28',12757,0,9534,0,18,18,78.79,15,'G','XU BIXIA - II','TOST RIERA BIO ORGANICO X 200 GR',3,'CDO','01',0,0,0,'023'),
(1,32324,'2022-01-28',12757,0,9334,0,16,16,42.74,16,'G','XU BIXIA - II','GALL 9 DE ORO COOKIES CHIPS BLA X 120 GR',3,'CDO','01',0,0,0,'023'),
(1,32324,'2022-01-28',12757,0,9335,0,16,16,42.74,17,'G','XU BIXIA - II','GALL 9 DE ORO COOK. CHIPS COLOR X 120 GR',3,'CDO','01',0,0,0,'023'),
(1,32328,'2022-01-28',12810,0,9659,0,5,5,309.7,1,'G','CHEN ZHENJIN','VODKA SERNOVA TROPICAL PASSION X 700 CC',6,'CDO','07',98.04,0,0,'023'),
(1,32328,'2022-01-28',12810,0,1260,0,5,90,674.42,2,'G','CHEN ZHENJIN','CHIC BELDENT MENTA FUERTE X 20 UND',6,'CDO','07',98.04,0,0,'023'),
(1,32329,'2022-01-28',12810,0,8455,0,1,1,309.7,1,'G','CHEN ZHENJIN','VODKA SERNOVA FRESH CITRUS X 700 CC',6,'CDO','07',98.04,0,0,'023'),
(1,32333,'2022-01-28',12393,0,1213,0,20,20,84.72,1,'G','XU BIXIA','GALL OREO X 117 GR',3,'CDO','01',0,0,0,'023'),
(1,32334,'2022-01-28',12501,0,9658,0,5,5,309.7,1,'G','WANG XIULIAN','VODKA SERNOVA SWEET APPLE PEAR X 700 CC',3,'CDO','01',98.04,0,0,'023'),
(1,32335,'2022-01-28',12501,0,9658,0,1,100,309.7,1,'G','WANG XIULIAN','VODKA SERNOVA SWEET APPLE PEAR X 700 CC',3,'CDO','01',98.04,0,0,'023'),
(1,32338,'2022-01-28',13074,0,1213,0,320,320,84.72,1,'G','BARTOLOMMEI JORGE ALBERTO- V23','GALL OREO X 117 GR',3,'CDO','00',0,0,0,'023'),
(1,32339,'2022-01-28',13074,0,1213,0,40,40,84.72,1,'G','BARTOLOMMEI JORGE ALBERTO- V23','GALL OREO X 117 GR',3,'CDO','00',0,0,0,'023'),
(1,30660,'2022-01-28',10674,0,8102,0,6,6,277.74,1,'G','FANG ZHIFAN','PEG ECCOLE 9 R',3,'CDO','07',0,0,0,'027'),
(1,30660,'2022-01-28',10674,0,2298,0,2,2,163.04,2,'G','FANG ZHIFAN','PAST MENTITAS LA CASA MENTA X 12',3,'CDO','07',0,0,0,'027'),
(1,30660,'2022-01-28',10674,0,3570,0,1,1,613.25,3,'G','FANG ZHIFAN','ALF GUAYMALLEN NEGRO 24 X 75 GR',3,'CDO','07',0,0,0,'027'),
(1,30660,'2022-01-28',10674,0,3569,0,1,1,613.25,4,'G','FANG ZHIFAN','ALF GUAYMALLEN BLANCO 24 X 75 GR',3,'CDO','07',0,0,0,'027'),
(1,30660,'2022-01-28',10674,0,7664,0,1,1,613.25,5,'G','FANG ZHIFAN','ALF GUAYMALLEN BLANCO 40 X 38 GR',3,'CDO','07',0,0,0,'027'),
(1,30660,'2022-01-28',10674,0,7665,0,1,1,613.25,6,'G','FANG ZHIFAN','ALF GUAYMALLEN NEGRO 40 X 38 GR',3,'CDO','07',0,0,0,'027'),
(1,30660,'2022-01-28',10674,0,8230,0,2,2,877.61,7,'G','FANG ZHIFAN','MAXX MIXTA 12 X 3 UND + 1 XTREM X 2 S/C',3,'CDO','07',0,0,0,'027'),
(1,30660,'2022-01-28',10674,0,8997,0,12,12,160.54,8,'G','FANG ZHIFAN','VINO TORO TINTO CLASICO X 1.125 LT',3,'CDO','07',0,0,0,'027'),
(1,30660,'2022-01-28',10674,0,1108,0,16,16,86.77,9,'G','FANG ZHIFAN','BAGGIO DURAZNO X 1 LT',3,'CDO','07',0,0,0,'027'),
(1,30660,'2022-01-28',10674,0,1109,0,16,16,86.77,10,'G','FANG ZHIFAN','BAGGIO MULTIFRUTA X 1 LT',3,'CDO','07',0,0,0,'027'),
(1,30660,'2022-01-28',10674,0,1536,0,18,18,24.48,11,'G','FANG ZHIFAN','BAGGIO MULTIFRUTA X 200 CC',3,'CDO','07',0,0,0,'027'),
(1,30660,'2022-01-28',10674,0,9279,0,6,6,139.61,12,'G','FANG ZHIFAN','FRIZZE BLUE X 1 LT',3,'CDO','07',9.78,0,0,'027'),
(1,30660,'2022-01-28',10674,0,8920,0,12,12,625.06,13,'G','FANG ZHIFAN','GIN GORDONS X 700 CC',3,'CDO','07',160.62,0,0,'027'),
(1,30660,'2022-01-28',10674,0,4440,0,18,18,61.1,14,'G','FANG ZHIFAN','TOST RIERA CLASICA DULCE X 200 GR',3,'CDO','07',0,0,0,'027'),
(1,30660,'2022-01-28',10674,0,6250,0,10,10,56.51,15,'G','FANG ZHIFAN','GRISIN RIERA FINASHIERBAS X 160 GR',3,'CDO','07',0,0,0,'027'),
(1,30660,'2022-01-28',10674,0,5072,0,10,10,56.51,16,'G','FANG ZHIFAN','GRISIN RIERA INTEGRAL C/SEMILLA X 160 GR',3,'CDO','07',0,0,0,'027'),
(1,30660,'2022-01-28',10674,0,8436,0,32,32,84.36,17,'G','FANG ZHIFAN','GALL OKEBON MOL NAT AVENA Y CACAO X 240',3,'CDO','07',0,0,0,'027'),
(1,30660,'2022-01-28',10674,0,8437,0,32,32,84.36,18,'G','FANG ZHIFAN','GALL OKEBON MOL NAT AVENA Y PASAS X 232',3,'CDO','07',0,0,0,'027'),
(1,30660,'2022-01-28',10674,0,8422,0,32,32,84.36,19,'G','FANG ZHIFAN','GALL OKEBON MOL NAT AVENA/GRAN X 236GR',3,'CDO','07',0,0,0,'027'),
(1,30660,'2022-01-28',10674,0,1515,0,15,15,64.99,20,'G','FANG ZHIFAN','TOMATE NOEL PEL.PER.COM.X 400 GR',3,'CDO','07',0,0,0,'027'),
(1,30660,'2022-01-28',10674,0,1516,0,48,48,52.36,21,'G','FANG ZHIFAN','TOMATE NOEL PURE TETRA X 520 GR',3,'CDO','07',0,0,0,'027'),
(1,30660,'2022-01-28',10674,0,8321,0,4,4,409.16,22,'G','FANG ZHIFAN','JAB LIQUIDO ZORRO BLUE POWER X 3L 094',3,'CDO','07',0,0,0,'027'),
(1,30660,'2022-01-28',10674,0,8317,0,4,4,409.16,23,'G','FANG ZHIFAN','JAB LIQUIDO ZORRO EVOLUTION X 2.7L 095',3,'CDO','07',0,0,0,'027'),
(1,30660,'2022-01-28',10674,0,3967,0,60,60,638.09,24,'G','FANG ZHIFAN','FERNET BRANCA X 1 LT',3,'CDO','07',185,0,0,'027'),
(1,30663,'2022-01-28',12700,0,1379,0,2,9,3275.87,1,'I','WENG DAOSHENG - II','PRIME MIXTA 24 X 3 UND',3,'CDO','06',0,0,0,'027'),
(1,30663,'2022-01-28',12700,0,4441,0,36,21,61.1,2,'I','WENG DAOSHENG - II','TOST RIERA CLASICA MESA X 200 GR',3,'CDO','06',0,0,0,'027'),
(1,30663,'2022-01-28',12700,0,9270,0,18,10,78.79,3,'I','WENG DAOSHENG - II','TOST RIERA 100% INTEGRALES X 200 GR',3,'CDO','06',0,0,0,'027'),
(1,30663,'2022-01-28',12700,0,9534,0,18,11,78.79,4,'I','WENG DAOSHENG - II','TOST RIERA BIO ORGANICO X 200 GR',3,'CDO','06',0,0,0,'027'),
(1,30663,'2022-01-28',12700,0,4440,0,18,23,61.1,5,'I','WENG DAOSHENG - II','TOST RIERA CLASICA DULCE X 200 GR',3,'CDO','06',0,0,0,'027'),
(1,30663,'2022-01-28',12700,0,4442,0,18,65,61.1,6,'I','WENG DAOSHENG - II','TOST RIERA CLASICA INTEGRAL X 200 GR',3,'CDO','06',0,0,0,'027'),
(1,30663,'2022-01-28',12700,0,4443,0,18,21,61.1,7,'I','WENG DAOSHENG - II','TOST RIERA CLASICA S/SAL X 200 GR',3,'CDO','06',0,0,0,'027'),
(1,30663,'2022-01-28',12700,0,4444,0,18,9,70.4,8,'I','WENG DAOSHENG - II','TOST RIERA EQUILIBRIO LIGHT X 200 GR',3,'CDO','06',0,0,0,'027'),
(1,30663,'2022-01-28',12700,0,9482,0,18,9,70.4,9,'I','WENG DAOSHENG - II','TOST RIERA MULTISEMILLAS X 200 GR',3,'CDO','06',0,0,0,'027'),
(1,30663,'2022-01-28',12700,0,9455,0,12,2,71.56,10,'I','WENG DAOSHENG - II','TOST RIERA DE ARROZ DULCE X 150 GR',3,'CDO','06',0,0,0,'027'),
(1,30663,'2022-01-28',12700,0,9522,0,12,5,71.56,11,'I','WENG DAOSHENG - II','TOST RIERA DE ARROZ S/SAL X 150 GR',3,'CDO','06',0,0,0,'027'),
(1,30663,'2022-01-28',12700,0,8848,0,12,4,71.56,12,'I','WENG DAOSHENG - II','TOST RIERA DE ARROZ X 150 GR',3,'CDO','06',0,0,0,'027'),
(1,30663,'2022-01-28',12700,0,1260,0,2,10,674.42,13,'I','WENG DAOSHENG - II','CHIC BELDENT MENTA FUERTE X 20 UND',3,'CDO','06',0,0,0,'027'),
(1,30663,'2022-01-28',12700,0,2017,0,12,5,104.16,14,'I','WENG DAOSHENG - II','PEG LA GOTITA X 2 ML',3,'CDO','06',0,0,0,'027'),
(1,30663,'2022-01-28',12700,0,2026,0,12,4,130.72,15,'I','WENG DAOSHENG - II','PEG LA GOTITA GEL X 3 ML',3,'CDO','06',0,0,0,'027'),
(1,30663,'2022-01-28',12700,0,8102,0,6,2,277.74,16,'I','WENG DAOSHENG - II','PEG ECCOLE 9 R',3,'CDO','06',0,0,0,'027'),
(1,30663,'2022-01-28',12700,0,9550,0,1,6,679.85,18,'I','WENG DAOSHENG - II','PEG UNI-POX SILICONA LIQUIDA 9 X 24 ML',3,'CDO','06',0,0,0,'027'),
(1,30663,'2022-01-28',12700,0,1163,0,24,7,211.12,19,'I','WENG DAOSHENG - II','PILA E91 BP4 AA ALCALINAS X 4 UND',3,'CDO','06',0,0,0,'027'),
(1,30663,'2022-01-28',12700,0,1044,0,24,8,261.35,20,'I','WENG DAOSHENG - II','PILA E92 BP4 AAA ALCALINAS X 4 UND',3,'CDO','06',0,0,0,'027'),
(1,30663,'2022-01-28',12700,0,3049,0,6,3,271.93,26,'I','WENG DAOSHENG - II','PEG EL PULPITO X 50 G',3,'CDO','06',0,0,0,'027'),
(1,30664,'2022-01-28',12103,0,178,0,18,150,61.1,1,'G','FANG MEIJIN','MARLBORO BOX TEN',3,'CDO','06',0,0,0,'027'),
(1,32342,'2022-01-28',12430,0,3967,0,6,6,638.09,1,'G','LI YUANCHAO','FERNET BRANCA X 1 LT',3,'CDO','01',185,0,0,'023'),
(1,32343,'2022-01-28',12126,0,2014,0,6,6,205.25,1,'G','LIN ZHIXIANG','PEG POXI-RAN S/TOLUENO X 23 G',3,'CDO','08',0,6,0,'023'),
(1,32343,'2022-01-28',12126,0,2017,0,12,12,104.16,2,'G','LIN ZHIXIANG','PEG LA GOTITA X 2 ML',3,'CDO','08',0,12,0,'023'),
(1,32343,'2022-01-28',12126,0,2026,0,6,6,130.72,3,'G','LIN ZHIXIANG','PEG LA GOTITA GEL X 3 ML',3,'CDO','08',0,6,0,'023'),
(1,32343,'2022-01-28',12126,0,3967,0,30,30,638.09,4,'G','LIN ZHIXIANG','FERNET BRANCA X 1 LT',3,'CDO','08',185,30,0,'023'),
(1,32343,'2022-01-28',12126,0,1213,0,32,32,84.72,5,'G','LIN ZHIXIANG','GALL OREO X 117 GR',3,'CDO','08',0,32,0,'023'),
(1,32343,'2022-01-28',12126,0,1119,0,2,2,430.96,6,'G','LIN ZHIXIANG','CLIGHT NARANJA 20 X 8 GR',3,'CDO','08',14.56,2,0,'023'),
(1,32343,'2022-01-28',12126,0,1120,0,2,2,430.96,7,'G','LIN ZHIXIANG','CLIGHT POMELO ROSADO 20 X 9.5 GR',3,'CDO','08',14.56,2,0,'023'),
(1,32343,'2022-01-28',12126,0,2041,0,3,3,430.96,8,'G','LIN ZHIXIANG','CLIGHT NARANJA DULCE 20 X 8 GR',3,'CDO','08',14.56,3,0,'023'),
(1,32344,'2022-01-28',12126,0,8455,0,2,2,309.7,1,'G','LIN ZHIXIANG','VODKA SERNOVA FRESH CITRUS X 700 CC',3,'CDO','08',98.04,2,0,'023'),
(1,32344,'2022-01-28',12126,0,9658,0,2,2,309.7,2,'G','LIN ZHIXIANG','VODKA SERNOVA SWEET APPLE PEAR X 700 CC',3,'CDO','08',98.04,2,0,'023'),
(1,32344,'2022-01-28',12126,0,9659,0,1,1,309.7,3,'G','LIN ZHIXIANG','VODKA SERNOVA TROPICAL PASSION X 700 CC',3,'CDO','08',98.04,1,0,'023'),
(1,32345,'2022-01-28',12126,0,8454,0,1,1,309.7,1,'G','LIN ZHIXIANG','VODKA SERNOVA WILD BERRIES X 700 CC',3,'CDO','08',98.04,1,0,'023'),
(1,32345,'2022-01-28',12126,0,1213,0,4,4,84.72,2,'G','LIN ZHIXIANG','GALL OREO X 117 GR',3,'CDO','08',0,4,0,'023'),
(1,32345,'2022-01-28',12126,0,2041,0,1,1,430.96,3,'G','LIN ZHIXIANG','CLIGHT NARANJA DULCE 20 X 8 GR',3,'CDO','08',14.56,1,0,'023'),
(1,32319,'2022-01-28',12818,NULL,128,0,NULL,30,45.34,12,'G','CHEN ZHENG - II','PHILIP MORRIS KS',NULL,NULL,'01',NULL,0,0,'023'),
(1,32319,'2022-01-28',12818,NULL,129,0,NULL,30,49.6,13,'G','CHEN ZHENG - II','PHILIP MORRIS BOX',NULL,NULL,'01',NULL,0,0,'023'),
(1,32319,'2022-01-28',12818,NULL,134,0,NULL,30,26.93,14,'G','CHEN ZHENG - II','PHILIP MORRIS 10',NULL,NULL,'01',NULL,0,0,'023'),
(1,32319,'2022-01-28',12818,NULL,186,0,NULL,30,54.92,15,'G','CHEN ZHENG - II','MARLBORO GOLD ORIGINAL BOX 20',NULL,NULL,'01',NULL,0,0,'023');


insert  into productos(producto,pro_nom,precio) values 
('2807','NAIPES CASINO POKER LOBITO X 54 UND','154.85'),
('2812','VOLIGOMA BOTELLA CHICA X 30 ML','56.9'),
('2813','TAMPONES O.B. MEDIO X 10 UND','153.22'),
('2814','DESODORANTE CREMA REXONA ODORONO','72'),
('2815','TAMPONES O.B. MINI X 8 UND','153.22'),
('2817','TOALL FEM LINA ULTRAFINAS C/ALAS X 10','68.17'),
('2818','PANAL NONISEC ADUL GRANDE X 10 UND','238.08'),
('2819','PANAL NONISEC ADUL C/GEL EXT.GR X 10 UND','276.96'),
('2836','TOALL FEM LINA C/ALAS X 8 UND','41.89'),
('2837','TOALL FEM LINA S/ALAS X 8 UND','46.86'),
('2844','MARTINI BIANCO X 995 CC','254.84'),
('2856','AF XTREME3 PS X 2 UND','117.38'),
('2863','CAMPARI BITTER X 750 CC','397.57'),
('2865','GIN BOMBAY X 750 CC','1411.78'),
('2867','MARTINI ROSSO X 1 LT','259.5'),
('2871','MARTINI EXTRA DRY X 995 CC','381.31'),
('2880','GALL VOCACION CLASICA X 465 GR','111.05'),
('2883','CHOC KINDER BUENO X 43 GR','103.52'),
('2884','CHOC KINDER X 50 GR','95.93'),
('2887','GALL VOCACION ACARA X 450 GR','126.19'),
('2891','BANANITA DOLCA 16 X 30 GR','833.45'),
('2898','CLIGHT MANGO / PERA 20 X 7 GR','430.96'),
('2906','OBLEA ITAMAR ATREVIDA X 110 GR','39.2'),
('2907','OBLEA ITAMAR FRUTILLA X 110 GR','39.2'),
('2908','OBLEA ITAMAR NAPOLITANA X 110 GR','39.2'),
('2909','OBLEA ITAMAR CHOCOLATE X 110 GR','39.2'),
('2910','OBLEA ITAMAR DULCE DE LECHE X 110 GR','39.2'),
('2932','PEG FASTIX NEGRO ESTUCHE CHICO','253.58'),
('2933','CHUP PICO DULCE X 48 UND','405.37'),
('2935','CHUP CHUPENTON-CITO X 12 UND','346.7'),
('2937','CHUP PITO PITO FRUTAL X 24 UND','181.98'),
('2939','CHUP BABY DOLL X 18 UND','529.81'),
('2940','BANANITA DOLCA 15 X 14 GR','479.84'),
('2944','WHISKY OLD SMUGGLER  X 1 LT','491.6'),
('2950','CHOC FERRERO ROCHER X 3 UND','106.88'),
('2957','CAR ALKA MENTA X 800 GR','439.5'),
('2965','OBLEA ITAMAR FLORESTA NEGRA X 110 GR','39.2'),
('2967','CHOC FERRERO ROCHER X 16 UND','442.8'),
('2972','MANTECOL MAXI 12 X 40 GR','572.92'),
('2974','WHISKY BALLANTINES ETIQUETA AZUL X 750','1173.9'),
('2980','CAR YOGHURT BILLIKEN X 600 GR','193.42'),
('2981','PAST D.R.F. MENTA 12 X 23 GR','174.42'),
('2982','PAST D.R.F. MENTOL 12 X 23 GR','174.42'),
('2983','PAST D.R.F. ANIS 12 X 23 GR','174.42'),
('2986','LICOR TIA MARIA X 700 CC','380.87'),
('2987','GINEBRA BOLS X 1 LT','204'),
('3006','MANTECOL X 110 GR','119.65'),
('3018','LICOR BOLS MENTA X 700 CC','170.23'),
('3019','LICOR BOLS CHOCOLATE X 700 CC','187.24'),
('3020','LICOR BOLS DULCE DE LECHE X 700 CC','187.24'),
('3021','LICOR BOLS FRUTILLA X 700 CC','133.75'),
('3024','VODKA BOLS X 1 LT','253.51'),
('3049','PEG EL PULPITO CHICO','271.93'),
('3050','WD-40 X 155 ML','358.96'),
('3051','TAB HAMLET LECHE Y COOKIE X 45 GR','28.12'),
('3072','MANTECOL X 250 GR','175.8'),
('3080','CAR FLYNN PAFF BANANA 70 X 8 GR','241.85'),
('3081','CAR FLYNN PAFF UVA 70 X 8 GR','266.03'),
('3082','CAR FLYNN PAFF T. FRUTTI 70 X 8 GR','266.03'),
('3083','CAR FLYNN PAFF MANZANA 70 X 8 GR','266.03'),
('3084','CAR FLYNN PAFF FRUTILLA 70 X 8 GR','266.03'),
('3111','WHISKY HIRAM WALKER X 750 CC','258.76'),
('3119','PAST D.R.F. SURTIDA 24 X 23 GR','367.85'),
('3120','FEELING 30 X 20 GR','866.83'),
('3137','MER NOEL FRUTILLA DIET X 390 GR','183.26'),
('3150','FIDEOS SAN AGUSTIN NIDO ANGOSTO X 500 GR','42.6'),
('3151','GALL 9 DE ORO PASEO MINI MAR X 220 GR','55.75'),
('3158','BUDIN LIA C/CHOC GR.AN  X 200 GR','3.08'),
('3162','CAR FRUTAL BILLIKEN X 600 GR','193.42'),
('3168','OFF EXTRADURACION X 165 CC','262.57'),
('3173','GALL OREO CHOCOLATE X 111 GR','74.46'),
('3208','BOLIGRAFO BIC AZUL X 50 UND','949.31'),
('3209','BOLIGRAFO BIC NEGRO X 50 UND','949.31'),
('3215','GALL CHOCOLINAS X 250 GR','114.26'),
('3224','GALL PEPITOS RELL.CHOCO. X 130 GR','43.33'),
('3236','RAID MAX CUCARACHAS X 360 CC','273.67'),
('3253','OFF REPELENTE SPRAY X 200 CC','250.27'),
('3261','PEG POXITAS X 12 UND','318.71'),
('3269','DESODORANTE REXONA HOMB. FRAG VARIAS','192.9'),
('3273','TOMATE NOEL PULPA X 520 GR','30.82'),
('3323','HUEVO KINDER PASCUA ELLAS X 150 GR','419.42'),
('3334','BIZ VALENTE CHOC X 500 GR','103.22'),
('3362','TAB MISKY CHOCOLATE LECHE X 50 GR','57.4'),
('3363','TAB MISKY CHOCOLATE BLANCO X 50 GR','57.4'),
('3372','GALL OREO MINI X 50 GR','36.52'),
('3409','CAMALEON TEXTURADO X 3 UND','45.73'),
('3414','CAMALEON SUPERFINO X 3 UND','45.73'),
('3416','TAB REPOSTERIA DAQUI X 70 GR','43.68'),
('3431','SEM PIPAS GIRASOL TIRAS X 10','38.59'),
('3432','SEM PIPAS GIRASOL X 30 UND','468.88'),
('3436','ENERGIZANTE SPEED LATA 250 CC 12 + 1 S/C','993.95'),
('3451','WHISKY PREMIUM X 1 LT','319.37'),
('3479','GALL VARIEDAD DORADA X 300 GR','112.07'),
('3489','LICOR BOLS CHOCOLATE X 200 CC','64.88'),
('3502','PEG FASTIX ALTA TEMP. ESTUCHE CHI.','329.28'),
('3535','MADALENA VALENTE CLASICA X 10 UND','75.38'),
('3551','MADALENA VALENTE RELLENA X 8 UND','75.38'),
('3552','MADALENA VALENTE MARMOLADA X 10 UND','75.38'),
('3566','GALL CLUB SOCIAL JAMON X 141 GR','110.03'),
('3569','ALF GUAYMALLEN BLANCO 24 X 75 GR','613.25'),
('3570','ALF GUAYMALLEN NEGRO 24 X 75 GR','613.25'),
('3608','PROT FEM DONCELLA S/D X 20 UND','42.22'),
('3620','DR LEMON C/VODKA X 275 CC','44.25'),
('3637','PAN RALLADO MAMA COCINA X 500 GR','61.99'),
('3638','REB MAMA COCINA  P/FREIR X 500 GR','61.99'),
('3648','REB MAMA COCINA P/HORNO X 500 GR','62.86'),
('3664','ENC CANDELA ELECT. X 10 UND','366.14'),
('3676','GALL CLUB SOCIAL QUESO X 141 GR','110.03'),
('3679','PROT FEM DONCELLA C/D X 20 UND','42.22'),
('3741','HARINA PUREZA 000 X 1 KG','54.41'),
('3742','HARINA PUREZA 0000 X 1 KG','59.32'),
('3743','HARINA PUREZA LEUDANTE X 1 KG','68.35'),
('3744','PREM MAMA COCINA PARA PIZZA X 500 GR','82.6'),
('3747','ACEITE CAÑUELAS GIRASOL X 900 CC','148.56'),
('3748','ACEITE CAÑUELAS GIRASOL X 1.5 LT','237.31'),
('3751','CHOC FERRERO ROCHE X 8 UND','362.1'),
('3755','CAR FLYNN PAFF FRUT/VAIN 70 X 8 GR','241.85'),
('3792','ANIS 8 HERMANOS AZUL X 1 LT','250.32'),
('3793','WHISKY BLENDERS PRIDE 1LT','414.9'),
('3794','WHISKY BLENDERS PRIDE 200 CC','96.37'),
('3797','WHISKY CHIVAS R  12 ANOS X 1LT','2507.35'),
('3798','WHISKY CHIVAS R 12 ANOS X 750 C','2189.72'),
('3806','CHAMP CHANDON EXTRA BRUT X 187 CC','155.26'),
('3807','FERNET BRANCA X 50 CC','61.98'),
('3808','FERNET BRANCA X 450 CC','315.74'),
('3825','WHISKY W ETIQUETA NEGRA X 1 LT','251.87'),
('3826','MAIZ LA EGIPCIANA BLANCO X 400 GR','95.26'),
('3827','MAIZ LA EGIPCIANA AMARILLO X 400 GR','52.39'),
('3828','PISINGALLO LA EGIPCIANA X 400 GR','61.99'),
('3830','TRIGO LA EGIPCIANA BURGOL X 400 GR','80.97'),
('3831','ARVEJAS LA EGIPCIANA ENTERA X 500 GR','56.14'),
('3832','ARVEJAS LA EGIPCIANA PART X 400 GR','60.96'),
('3833','LENTEJAS LA EGIPCIANA X 400 GR','106.55'),
('3834','LENTEJON LA EGIPCIANA X 400 GR','121.08'),
('3835','GARBANZOS LA EGIPCIANA X 500 GR','116.21'),
('3836','POROTOS LA EGIPCIANA ALUBIA X 500 GR','95.26'),
('3837','POROTOS LA EGIPCIANA MANTECA X 500 GR','142.89'),
('3838','POROTOS LA EGIPCIANA PALLARES X 400 GR','184.06'),
('3839','POROTOS LA EGIPCIANA SOJA X 500 GR','58.12'),
('3840','POROTOS LA EGIPCIANA NEGROS X 500 GR','116.24'),
('3841','HARINA LA EGIPCIANA DE MAIZ X 750 GR','64.78'),
('3842','HARINA LA EGIPCIANA DE MAIZ X 500 GR','37.78'),
('3856','PANAL NONISEC ADUL EX GRANDE X 20 UND','508.19'),
('3858','PANAL NONISEC ADUL GRANDE X 20 UND','429.56'),
('3862','MAIZ LAS ACHIRAS BLANCO X 400 GR','90.49'),
('3864','LENTEJAS LAS ACHIRAS X 400 GR','92.39'),
('3866','POROTOS LAS ACHIRAS ALUBIA X 500 GR','95'),
('3867','PISINGALLO LAS ACHIRAS X 400 GR','51.39'),
('3869','SEMOLA LAS ACHIRAS X 500 GR','77.45'),
('3871','LENTEJAS LA EGIPCIANA LATA X 350 GR','57.24'),
('3872','GARBANZOS LA EGIPCIANA LATA X 350 GR','57.24'),
('3873','ARVEJAS LA EGIPCIANA  LATA X 350 GR','53.28'),
('3874','POROTOS LA EGIPCIANA PALLARE LATA X350 G','82.3'),
('3875','JARDINERA LA EGIPCIANA LATA X 350 GR','77.45'),
('3880','SOJA LA EGIPCIANA LATA X 350 GR','58.12'),
('3894','BIZ VALENTE RECT CHOCOLATE X 750 GR','112.9'),
('3895','BIZ VALENTE RECT VAINILLA X 750 GR','112.9'),
('3896','RAZA PERROS ADULTOS CARNE x 1.5 KG','184.87'),
('3897','RAZA PERROS ADULTOS CARNE x 3.0 KG','333.74'),
('3898','RAZA PERROS ADULTOS CARNE x 8.0 KG','900.67'),
('3899','RAZA PERROS ADULTOS CARNE x 15 KG','1467.44'),
('3900','RAZA PERROS ADULTOS CARNE x 21 KG','1987.06'),
('3901','RAZA PERROS ADULTOS P. C. C. A. x 1.5 KG','184.87'),
('3902','RAZA PERROS ADULTOS P. C. C. A. X 3.0 KG','333.74'),
('3903','RAZA PERROS ADULTOS P. C. C. A. X 15 KG','1467.44'),
('3904','RAZA PERROS CACHORROS C. C. L. X 1.5 KG','219.43'),
('3905','RAZA PERROS CACHORROS C. C. L. X 15 KG','1550.38'),
('3906','RAZA GATOS PESCADO X 0.5 KG','83.74'),
('3907','RAZA GATOS PESCADO X 1.0 KG','153.48'),
('3908','RAZA GATOS PESCADO X 10 KG','1350.37'),
('3909','RAZA GATOS POLLO Y LECHE X 0.5 KG','83.74'),
('3910','RAZA GATOS POLLO Y LECHE X 1.0 KG','153.48'),
('3911','RAZA GATOS CARNE PESCADO ARROZ X 0.5','83.74'),
('3912','RAZA GATOS CARNE PESCADO ARROZ X 1.0','153.48'),
('3913','RAZA GATOS CARNE PESCADO ARROZ X 10','1350.37'),
('3914','GAUCHO PERROS ADULTOS CARNE X 15 KG','1028.17'),
('3915','GAUCHO GATOS ADULTOS PESCADO X 10 KG','1072.33'),
('3959','TABACO DESPUNTE PUERTO X 100 GR','179.83'),
('3966','FERNET BRANCA X 750 CC','518.68'),
('3967','FERNET BRANCA X 1 LT','638.09'),
('3999','HARINA PUREZA C/LEV. PARA PIZZA X 1 KG','85.02'),
('4032','CAR HALLS FREE MENTA 20 X 12 GR','388.31'),
('4041','CHAMP CHANDON EXTRA BRUT X 750 CC','772.14'),
('4042','CHAMP MERCIER EXTRA BRUT X 750 CC','383.89'),
('4126','CAMALEON MIXTA 12 + 1 S/C X 3 UND','558'),
('4138','PAST D.R.F. LIMON 12 X 23 GR','174.42'),
('4139','PAST D.R.F. NARANJA 12 X 23 GR','174.42'),
('4158','VINO LOPEZ RINCON FAMOSO TINTO X 750 CC','377.54'),
('4159','VINO LOPEZ RINCON FAMOSO BLANCO X 750CC','231.36'),
('4163','VINO LOPEZ TINTO X 750 CC','248.93'),
('4164','VINO LOPEZ BLANCO X 750 CC','258.08'),
('4165','VINO LOPEZ TINTO X 375 CC','73.94'),
('4166','VINO LOPEZ BLANCO X 375 CC','67.54'),
('4167','VINO LOPEZ TRAFUL TINTO X 750 CC','109.53'),
('4168','VINO LOPEZ TRAFUL BLANCO X 750 CC','79.05'),
('4169','VINO LOPEZ VASCO VIEJO TINTO X 700 CC','178.48'),
('4170','VINO LOPEZ VASCO VIEJO BLANCO X 750 CC','132.82'),
('4171','VINO LOPEZ VASCO VIEJO TINTO 375 X CC','48.7'),
('4172','VINO LOPEZ VASCO VIEJO BLANCO X 375 CC','49.52'),
('4173','VINO LOPEZ CASONA MALBEC X 750 CC','234.27'),
('4174','VINO LOPEZ CASONA CAB. SAUVIGNON 750 CC','238.24'),
('4179','VINO LOPEZ XERO CAB. SAUVIGNON X 750CC','158.14'),
('4180','VINO LOPEZ XERO MALBEC X 750 CC','160.82'),
('4202','PILA 1250 D DISPLAY X 24 UND','1284.11'),
('4226','CHAMP MUMM CUVEE EXTR BRUT 750 CC','500.87'),
('4228','CAR LENGUETAZO TUTTI-FRUTTI X50 UND','874.38'),
('4232','BIG BABY POP X 12 UND','551.97'),
('4233','PUSH POP CANDY X 20 UND','894.43'),
('4247','WHISKY OLD SMUGLER X 750 CC','266.17'),
('4248','CHOC FERRERO CUORE X 8 UND','429.41'),
('4252','GALL CRIOLLITAS 5 X 105 GR','28'),
('4255','FERNET BRANCA MENTA X 450 CC','157.88'),
('4261','LICOR BOLS MELON X 700 CC','170.23'),
('4268','LICOR BOLS CAFE AL COÑAC X 700 CC','187.24'),
('4269','RON BACARDI LIGHT X 750 CC','674.82'),
('4270','RON BACARDI GOLD X 750 CC','674.82'),
('4274','GALL LINCOLN CHOCOLATE X 161 GR','42.74'),
('4284','VINO NAVARRO CORR C.P. PINOT X 750 CC','170.43'),
('4285','VINO NAVARRO CORR C.P. MERLOT X 750 CC','141.85'),
('4286','VINO NAVARRO CORR C.P. MALBEC X 750 CC','393.71'),
('4287','VINO NAVARRO CORR C.P. CAB.SAUV X 750CC','374.96'),
('4288','VINO NAVARRO CORR SAUV.BLANCO X 750CC','141.85'),
('4292','VINO LOS ARBOLES MALBEC X 750 CC','229.51'),
('4293','VINO LOS ARBOLES CAB.SAUV. X 750 CC','229.51'),
('4301','VINO SAN TELMO MALBEC X 750 CC','172.13'),
('4302','VINO SAN TELMO CAB.SAUV X 750 CC','172.13'),
('4304','VINO SAN TELMO SYRAH X 750 CC','163.93'),
('4310','CHAMP NAV.CORR EX. BRUT X 750 CC','505.1'),
('4312','WHISKY WHITE HORSE X 750 CC','541.25'),
('4314','WHISKY VAT 69 X 750 CC','362.14'),
('4315','WHISKY J&B X 750 CC','854.27'),
('4316','PILA 1250 D DISPLAY X 12 UND','719.1'),
('4318','WHISKY JOHNNIE WALKER BLACK LABEL X 1 LT','2613.95'),
('4319','WHISKY JOHNNIE WALKER BLACK LABEL X750CC','2196.59'),
('4320','LICOR LEGUI FINO X 750 CC','203.58'),
('4321','BAILEYS X 750 CC','1263.72'),
('4322','COÑAC OTARD DUPUY X 750 CC','263'),
('4323','COÑAC RESERVA SAN JUAN X 750 CC','395.76'),
('4331','FERNET VITTONE X 750 CC','256.33'),
('4332','FERNET VITTONE X 450 CC','169.18'),
('4339','FERNET BRANCA MENTA X 750 CC','360.59'),
('4340','SAL GRUESA DOSANCLAS ESTUCHE X 1 KG','12.21'),
('4341','SAL GRUESA DOSANCLAS ESTUCHE 500 GR','50.14'),
('4342','SAL EN FINA DOS ANCLAS ESTUCHE X 1 KG','73.18'),
('4343','SAL EN FINA DOS ANCLAS ESTUCHE 500 GR','49.92'),
('4344','SAL FINA DOS ANCLAS ESTUCHE 500 GR','54.82'),
('4349','VODKA NIKOV X 1 LT','201.94'),
('4356','TEQUILA CONQUISTADOR DE MEXICO X 750 CC','150.71'),
('4359','LICOR CUSENIER DULCE DE LECHE X 700 CC','220.14'),
('4360','LICOR CUSENIER LICOR DE HUEVO X 700 CC','220.14'),
('4361','LICOR CUSENIER CHOCOLATE X 700 CC','220.14'),
('4362','LICOR CUSENIER BLUE CURACAO X 700 CC','182.18'),
('4363','LICOR CUSENIER MENTA X 700 CC','176.45'),
('4364','LICOR CUSENIER CAFE AL COÑAC X 700 CC','243.43'),
('4365','LICOR CUSENIER MELON X 700 CC','243.43'),
('4370','GALL SALADIX JAMON 6 X 30 GR','181.28'),
('4371','GALL SALADIX PIZZA 6 X 30 GR','217.55'),
('4372','GALL SALADIX DUO QUE/JAM 6 X 25 GR','181.28'),
('4373','GALL SALADIX PIZZA X 100 GR','72.53'),
('4374','GALL SALADIX CALABRESA X 100 GR','72.53'),
('4375','BOM BON O BON X 480 GR','549.77'),
('4376','CER MIX CLASICO 20 X 23 GR','779.47'),
('4378','CER MIX YOGU-FRUTILLA 20 X 28 GR','904.19'),
('4381','CAR MENTHO-PLUS MENTA 12 X 29.4 GR','298.34'),
('4382','CAR MENTHO-PLUS STRONG 12 X 29.4 GR','298.34'),
('4383','CAR MENTHO-PLUS CEREZA 12 X 29.4 GR','272.37'),
('4384','ROCKLETS 24 X 20 GR','617.69'),
('4385','ROCKLETS 18 X 40 GR','826.51'),
('4390','FERNET BRANCA MENTA X 50 CC','52.72'),
('4391','GALL PAR-NOR ROSQUITAS C/MIEL X 170 GR','23.22'),
('4396','GINEBRA LLAVE CRISTAL X 950 CC','341.42'),
('4397','GIN PETERS X 950 CC','29.16'),
('4399','LICOR PETERS MELON X 700 CC','134.01'),
('4401','TEQUILA SOL AZTECA X 1 LT','359.89'),
('4402','TEQUILA CAMACHO X 1 LT','279.42'),
('4403','GINEBRA LLAVE CRISTAL X 200 CC','99.11'),
('4404','GIN PETERS X 200 CC','66.14'),
('4405','VODKA KOVAC X 200 CC','79.3'),
('4406','LICOR PETERS CAFE AL COÑAC X 200 CC','74.22'),
('4407','LICOR PETERS MENTA X 200 CC','74.22'),
('4408','LICOR PETERS CHOCOLATE X 200 CC','97.94'),
('4409','LICOR PETERS DULCE DE LECHE 200 CC','97.94'),
('4410','TEQUILA SOL AZTECA X 200 CC','75.34'),
('4411','GINEBRA LLAVE CRISTAL X 475 CC','198.86'),
('4432','PAÑUELOS CANDELA DESCARTABLES X 6 UND','66.91'),
('4436','TOST RIERA GLUTEN DULCE X 200 GR','23.07'),
('4437','TOST RIERA GLUTEN MESA X 200 GR','23.07'),
('4440','TOST RIERA CLASICA DULCE X 200 GR','61.1'),
('4441','TOST RIERA CLASICA MESA X 200 GR','61.1'),
('4442','TOST RIERA CLASICA INTEGRAL X 200 GR','61.1'),
('4443','TOST RIERA CLASICA S/SAL X 200 GR','61.1'),
('4444','TOST RIERA EQUILIBRIO LIGHT X 200 GR','70.4'),
('4445','GRISIN RIERA CLASICO X 160 GR','49.85'),
('4446','GRISIN RIERA CLASICO S/SAL X 160 GR','498.49'),
('4447','GRISIN RIERA LIGHT X 160 GR','56.51'),
('4448','GRISIN RIERA SESAMO X 160 GR','56.51'),
('4454','PULPA BAHIA FRUTILLA LATA X 900 GR','255.56'),
('4455','PULPA BAHIA ANANA LATA X 900 GR','292.84'),
('4456','PULPA BAHIA DURAZNO LATA X 900 GR','156'),
('4457','ALC PORTA X 250 CC','60.1'),
('4458','ALC PORTA X 500 CC','90.77'),
('4459','ALC PORTA X 1000 CC','160.33'),
('4460','SAL FINA DOS ANCLAS PAQUETE X 500 GR','41.78'),
('4461','GATORADE COOL BLUE PET X 500 CC','54.92'),
('4463','GALL PAR-NOR MINI PITUSAS FRUT X 160 GR','48.92'),
('4467','GALL SALADIX JAMON X 100 GR','84.62'),
('4468','GALL SALADIX PARMESANO X 100 GR','72.53'),
('4469','GALL SALADIX DUO JAM/QUE X 80 GR','72.53'),
('4476','PILA 1212 AAA CARBON ZINC X 24 UND','756.89'),
('4480','FUYI TABLETAS X 120 UND','760.86'),
('4488','PUNT E MES X 750 CC','125.5'),
('4489','LICOR BORGHETTI X 700 CC','457.77'),
('4500','GALL PAR-NOR SUAVECITAS X 140 GR','41.52'),
('4501','GALL PAR-NOR COQUITOS X 170 GR','41.52'),
('4509','GALL PAR-NOR MINI PITUSAS MOUSE X 160 GR','48.92'),
('4515','GALL SURTIDO TURIMAR X 350 GR','80.3'),
('4532','GALL SALADIX CALABRESA 6 X 30 GR','217.55'),
('4537','TALCO EFFICIENT X 100 GR','97.96'),
('4538','SHAM SEDAL REST. INST. X 24 UND','237.12'),
('4543','VINAGRE HALCONERO ALCOHOL PVC 500 CC','37.26'),
('4544','VINAGRE HALCONERO ALCOHOL PVC 930 CC','46.57'),
('4546','VINAGRE HALCONERO VINO PVC 930 CC','53.1'),
('4548','VINAGRE HALCONERO MANZANA PVC 500 CC','51.23'),
('4549','VINAGRE HALCONERO MANZANA PVC 930 CC','60.55'),
('4550','VINAGRE HALCONERO VINO PVC 500 CC','43.78'),
('4559','FIDEOS TERRABUSSI FORATINI X 500 GR','19.52'),
('4569','CAR FLYNN PAFF CONFITADO X 50 GR','42.19'),
('4583','CHOC KINDER MAXI X 10 UND','471.72'),
('4628','DURAZNO ABETO AMA. MITAD.ABETO X 850 GR','216.11'),
('4641','ALGODON DONCELLA X 70 GR','41.26'),
('4642','ALGODON DONCELLA X 140 GR','74.45'),
('4643','HISOPO DONCELLA X 100 UND','91.61'),
('4644','CACAO EL QUILLA X 900 GR','238.06'),
('4645','CACAO EL QUILLA X 450 GR','122.24'),
('4646','CACAO EL QUILLA X 200 GR','59.82'),
('4664','CAR LA VACA LECHERA 48 X 12 GR','241.44'),
('4665','GALL 9 DE ORO CHATITAS X 140 GR','50.98'),
('4666','GALL PAR-NOR MINI PITUSAS FRUT X 4 KG','542.17'),
('4683','VINO COLON SYRAH X 750 CC','76'),
('4684','VINO COLON MERLOT X 750 CC','76'),
('4685','VINO COLON TEMPRANILLO X 750 CC','76'),
('4686','VINO COLON SAUVIGNON  BLANCO X 750 CC','75.99'),
('4691','VINO COLON BLANCO X 700 CC','59.57'),
('4698','VINO COLON MALBEC X 750 CC','76'),
('4699','VINO COLON TINTO 700 CC','57.56'),
('4725','VINO COLON CABERNET X 750 CC','76'),
('4728','GRISIN 9 DE ORO X 180 GR','35.05'),
('4729','GRISIN 9 DE ORO SALVADO X 180 GR','35.05'),
('4732','FIDEOS TERRABUSSI TIRABUZONES X 500 GR','19.86'),
('4737','TOMATE ABETO TRITURADO X 980 CC','117.86'),
('4738','BIZ VALENTE BI-COLOR X 500 GR','52.57'),
('4741','LICOR BOLS MANZANA X 700 CC','52.78'),
('4742','VODKA ERISTOFF X 700 CC','151.93'),
('4778','LICOR PETERS DULCE DE LECHE X 700 CC','147.75'),
('4779','LICOR PETERS CAFE AL COÑAC 700 CC','129.29'),
('4780','SIDRA TUNUYAN X 910 CC','139.99'),
('4781','GALL TURIMAR CHIPS CHOC X 150 GR','50.74'),
('4787','CER FORT CHOC ALMEN Y MIEL 24 X 23 GR','463.79'),
('4796','PREM MAMA COCINA ÑOQUIS X 400 GR','95.44'),
('4797','PREM MAMA COCINA ÑOQUIS ESP X 400 GR','95.44'),
('4801','LICOR BOLS DURAZNO X 700 CC','143.28'),
('4802','LICOR BOLS HUEVO X 700 CC','156.17'),
('4812','FERNET 1882 X 450 CC','100.52'),
('4813','FERNET 1882 X 750 CC','321.2'),
('4826','VINO COLON TORRONTES X 750 CC','75.99'),
('4829','PRIME DUAL PLEASURE X 3 UND','91.82'),
('4830','LINT TAP LIGHT- LUZ DE TOQUE-TAPR22','179.11'),
('4862','ATUN BAHIA DESM ACEITE X 170 GR','89.56'),
('4863','ATUN BAHIA DESM NATURAL X 170 GR','89.56'),
('4864','ATUN BAHIA LOMOS ACEITE X 170 GR','160.4'),
('4865','JUREL BAHIA EN ACEITE X 425 GR','13.69'),
('4868','PALMITOS BAHIA EN CUBOS X 400G','115.01'),
('4869','CABALLA BAHIA AL NATURAL X 425 GR','226.98'),
('4885','GALL PAR-NOR MARMOLADA X 170 GR','41.52'),
('4888','CHIKEN CHAT BLUE/RED/ORI X 16 UND','1079.16'),
('4889','FUN POP BON/VAN/BLUE/MIX X 12 UND','1667.89'),
('4899','VINO CALLIA ALTA CHARDONNAY X 750 CC','186.3'),
('4900','VINO CALLIA ALTA ROSADO SYRAH 750 CC','59.98'),
('4901','VINO CALLIA ALTA SYRAH X 750 CC','186.3'),
('4902','VINO CALLIA ALTA SYRAH-CAB.SAUV X 750','186.3'),
('4903','VINO CALLIA ALTA SYRAH-MALBEC 750 CC','186.3'),
('4904','VINO CALLIA ALTA SYRAH-TANNAT 750 CC','51.65'),
('4912','VINO EL PORTILLO SAUV  BLANC 750 CC','247.84'),
('4913','VINO EL PORTILLO CABERNET SAUV  750','247.84'),
('4914','VINO EL PORTILLO MALBEC X 750 CC','247.84'),
('4921','PIMIENTO BAHIA MORRON X 210 GR','100.38'),
('4922','GALL TURIMAR CHIPS CHOC X 400 GR','114.19'),
('4923','CABALLA BAHIA ACEITE X 380 GR','232.03'),
('4928','SAPITO CHOCOLATOSO 24 X 10.5 GR','239.35'),
('4937','PALMITOS BAHIA EN TROZOS X 800','8.04'),
('4941','VINO ESTECO ELEMENTOS CAB.SAUV X  750CC','223.56'),
('4942','VINO ESTECO ELEMENTOS MALBEC 750 CC','223.56'),
('4943','VINO ESTECO ELEMENTOS TANNAT 750 CC','223.56'),
('4944','VINO ESTECO ELEMENTOS SYRAH X 750 CC','223.56'),
('4946','VINO ESTECO ELEMENTOS TORR.DULCE 750','223.56'),
('4947','VINO ESTECO ELEMENTOS TORRONTES 750 CC','223.56'),
('4948','VINO ESTECO ELEMENTOS CHARD. 750 CC','223.56'),
('4949','VINO ESTECO DON DAVID MALBEC X 750 CC','393.7'),
('4950','VINO ESTECO DON DAVID CAB.SAUV X 750 CC','393.7'),
('4951','VINO ESTECO DON DAVID SYRHA X 750 CC','243.45'),
('4954','VINO ESTECO DON DAVID TORRONTES X750 CC','140.09'),
('4955','VINO ESTECO CICLOS TINTO ICONO X 750 CC','234.76'),
('4956','VINO ESTECO CICLOS SAUV. BLANC X 750 CC','230.34'),
('4957','VINO ESTECO CICLOS MALBEC ROSE X 750 CC','230.34'),
('4960','VINO ESTECO CICLOS TORRONTES  X 750 CC','230.34'),
('4963','SEMOLA LA EGIPCIANA SELEC.SUP. X 400 GR','80.96'),
('4976','TEQUILA JOSE CUERVO ESPEC X750','327.45'),
('4977','RON PAMPERO X 700 CC','79.1'),
('4988','POROTOS LA EGIPCIANA ALUBIA LATA X350 GR','77.48'),
('5008','GIN DRY BOLS X 1 LT','253.51'),
('5010','PAST HELLO KITY','117.66'),
('5013','SARDINAS BAHIA ACEITE X 125 GR','129.04'),
('5030','TANG NARANJA / DURAZNO 20 X 18 GR','408.12'),
('5031','TANG NARANJA / BANANA 20 X 18 GR','408.12'),
('5044','GALL MELBA TRIPACK X 360 GR','134.91'),
('5048','TORRONCINO 5 CEREALES X 23 GR','41.35'),
('5049','GRANADINA CUSENIER X 750 CC','220.75'),
('5059','GALL MEDIA TARDE SAND 5 X 107 GR','131.22'),
('5069','GALL PAR-NOR MARMOLADAS X 4.5 KG','498.47'),
('5072','GRISIN RIERA INTEGRAL C/SEMILLA X 160 GR','56.51'),
('5100','OBLEA BON O BON BLANCO 20 X 30 GR','722.63'),
('5101','CAR MENTHO-PLUS MENTOL 12 X 30.6 GR','298.34'),
('5102','VINO ESTECO CICLOS TORRONTES  X 500 CC','62.6'),
('5111','EDULCORANTE SI-DIET X 600 CC','157.45'),
('5113','POROTOS LA EGIPCIANA COLORADOS X 500 GR','116.24'),
('5117','CHOCLO NOEL AMARILLO ENTERO X 300 GR','67.25'),
('5118','JARDINERA NOEL HORT.-LEGUM. X 350 GR','69.3'),
('5122','CHOCLO NOEL AMARILLO CREM X 300 GR','62.24'),
('5130','GALL TURIMAR BANANITAS X 160 GR','54.59'),
('5131','GALL TURIMAR BANANITAS X 320 GR','95.54'),
('5132','GALL TURIMAR MIEL X 170 GR','45.42'),
('5133','GALL TURIMAR MIEL X 400 GR','81.1'),
('5135','ALF BON O BON TRIPLE CHOCOLATE X 60 GR','69.49'),
('5136','OBLEA BON O BON LECHE 20 X 30 GR','953.87'),
('5156','VINO SANTA JULIA TEMPRANILLO X 750 CC','140.46'),
('5157','VINO SANTA JULIA CAB.SAUV X 750 CC','268.16'),
('5158','VINO SANTA JULIA MALBEC X 750 CC','268.16'),
('5161','VINO SANTA JULIA SAUVIGNON BLANC X 750','239.93'),
('5162','RAID EXTERMINADOR X 390 CC','166.56'),
('5163','RAID APARATO P/TABLETAS ECONOMICO','247.93'),
('5164','RAID TABLETAS X 24 UND','153.38'),
('5185','GLOBOS CANDELA DE AGUA X 100 UND','77.56'),
('5203','VODKA NIKOV FRUTOS  ROJOS X 1 LT','82.97'),
('5208','GALL VARIEDAD X 600 GR','192.42'),
('5210','PRIME RETARDANTE X 3 UND','131.27'),
('5213','CHAMPIGNON BAHIA ENTERO X 400 GR','207.41'),
('5216','ANANA FIZZ TUNUYAN X 750 CC','165.35'),
('5222','KINDER JOY SORPRESA X 12 UND','1207.52'),
('5223','PACK INTRODUCCION 2020 C/MOCHILA','6094.41'),
('5241','VODKA SMIRNOFF X 700 CC','370.87'),
('5243','GALL TURIMAR PALMERITAS X 200 GR','81.89'),
('5247','VINO ESTECO DON DAVID MALBEC EST. X 750','484.67'),
('5255','PALMITOS BAHIA ENTEROS X 400 GR','145.66'),
('5273','VINAGRE FAVINCO ALCOHOL X 1.3 LT','34.87'),
('5276','VINAGRE FAVINCO MANZANA X 500 CC','66.17'),
('5284','VINO SANTA JULIA MALBEC X 375 CC','116.58'),
('5289','CAR BUTTER TOFF.CHOCOLATES X 822 GR','369.88'),
('5290','CAR ARCOR MENTA CRISTAL X 810 GR','530.77'),
('5291','CHUP MR POPS FRUTAL X 50 UND','218.28'),
('5294','GOMITAS MOGUL FRUTAL 12 X 35 GR','270.3'),
('5300','TAB HAMLET CHOCOLATOSO X 43 GR','28.12'),
('5301','GALL TURIMAR PALMERITAS X 400 GR','158.16'),
('5309','FERNET CAPRI X 750 CC','180.95'),
('5310','WHISKY BALLANTINES FINES X 1LT','1325.1'),
('5311','CAR ARCOR MENTA Y CHOC X 715 GR','431.03'),
('5320','VINAGRE FAVINCO VINO X 500 CC','55.62'),
('5332','VINAGRE FAVINCO ALCOHOL X 500 CC','34.16'),
('5336','CLIGHT ANANA 20 X 7 GR','430.96'),
('5337','LINT S/MANOS UNIV. 60ML (HD33A49','714.73'),
('5342','GALL OREO DUO BAN/DDL X 111 GR','12.05'),
('5360','PILA E92 BP6 AAA ALCALINAS X 6 UND','129.34'),
('5369','GALL CEREALITAS CON PASAS X 134 GR','10.18'),
('5370','GALL LINCOLN COCO X 162 GR','59.12'),
('5395','LINT METAL COMPACTA 80L ( ML33AV4)','400.79'),
('5396','LICOR CUSENIER DURAZNO X 700 CC','243.43'),
('5397','LICOR CUSENIER FRUTILLA X 700 CC','202.86'),
('5398','MEDALLON DULCE DE LECHE 20 X 21 GR','675.17'),
('5401','ALF AGUILA MINITORTA X 72 GR','69.49'),
('5408','LICOR TIA MARIA CREAM X 690 CC','604.03'),
('5410','TAB MILKA DULCE DE LECHE X 68 GR','116.88'),
('5417','ALF MILKA TRIPLE MOUSSE BLANCO X 55 GR','60.04'),
('5418','OBLEA ITAMAR LIMON X 110 GR','39.2'),
('5429','VINO SANTA JULIA CHENIN DULCE X 750 CC','299.21'),
('5443','PROMO ENCENDEDORES CANDELA 5 X 25 UND','2187.61'),
('5444','GALL CEREALITAS SEM. LINO X 194 GR','15.08'),
('5449','VINO TRAPICHE ALARIS MALBEC X 750 CC','198.71'),
('5450','VINO TRAPICHE SAUVIGNON BLANC X 750 CC','208.64'),
('5451','VINO FOND CAVE CAB SAUVIGNON X 750 CC','393.7'),
('5452','VINO FOND CAVE MALBEC X 750 CC','393.7'),
('5453','VINO TRAPICHE TEMPRANILLO X 750 CC','208.64'),
('5454','VINO TRAPICHE ALARIS TORRONTES X 750 CC','208.64'),
('5455','VINO TRAPICHE ALARIS CAB. SAUV. X 750 CC','198.71'),
('5457','VINO TRAPICHE MERLOT X 750 CC','122.89'),
('5458','VINO TRAPICHE SYRAH X 750 CC','122.89'),
('5459','VINO TRAPICHE ALARIS CHARDONNAY X 750 CC','65.45'),
('5464','RON HAVANA CLUB ANEJO ESP X 750 CC','817.55'),
('5466','VODKA ABSOLUT X 750 CC','1192.79'),
('5467','VODKA KOVAC X 1 LT','143.11'),
('5469','GALL PAR-NOR PEPITAS X 400 GR','98.18'),
('5471','MANTECOL BOCADITO 16 X 25 GR','561.14'),
('5475','VINO TRAPICHE SAUVIGNON BLANC X 375 CC','107.55'),
('5477','TOST RIERA VAI/CHOC X 200 GR','70.4'),
('5480','AF XTRME3 PS X 12','1038.38'),
('5489','COCTEL BAHIA DE FRUTAS X 820 GR','26.87'),
('5496','LICOR AMARULA X 750 CC','1390.21'),
('5500','15 CHOC MISKY 25 GR + 15 CHOC BLANCO 25','806.27'),
('5503','CHAMPIGNON BAHIA TROZOS X 400 GR','26.3'),
('5514','TANG MULTIFRUTA 20 X 18 GR','408.12'),
('5519','CAR ARCOR MIEL RELLENO X 675 GR','431.03'),
('5520','CHUP BOLA LOCA MONSTERS 24 X 18 GR','151.61'),
('5524','VINO TRAPICHE ORIGEN CAB.SAUV X 750 CC','73.14'),
('5525','PILA P/AUDIFONO AC 13E X 8','262.48'),
('5530','AZUCAR NEGRA FANT. DOS ANCLAS  X 250 GR','6.02'),
('5544','INF TIBURON  INFLABLE P/AGUA(COD 41032)','180.54'),
('5553','INF SALVAVIDAS  DE COLORES(COD 36024)','66.2'),
('5562','RON CAPTIAN MORGAN X 750 CC','586.07'),
('5563','CHAMP TRAPICHE EXTRA BRUT X 750 CC','375.24'),
('5564','VINO ALMA MORA MALBEC X 750 CC','273.85'),
('5565','VINO ALMA MORA CHARDONAY X 750 CC','260.81'),
('5593','PILA E91 BP16 ALCALINAS X 16 UND','565.5'),
('5612','VINO OMNIUM MALBEC X 750 CC','157.57'),
('5613','VINO OMNIUM CAB. SAUVIGNON X 750 CC','180.79'),
('5615','VINO OMNIUM CHARDONNAY X 750 CC','180.79'),
('5616','CHAMP OMNIUM EXTRA BRUT X 750 CC','37.67'),
('5623','VODKA HIRAM WALKER X 1 LT','265.4'),
('5627','VODKA ABSOLUT MANGO X 750 CC','1219.84'),
('5629','VODKA ABSOLUT MANDARIN X 750 CC','1317.42'),
('5630','VODKA ABSOLUT APEACH X 750 CC','537.66'),
('5632','VODKA ABSOLUT PEARS X 750 CC','1219.84'),
('5634','VODKA ABSOLUT RASPBERRI X 750 CC','1317.42'),
('5637','VINO COLON DULCE FRESCO X 750 CC','76'),
('5638','VINO ETCHART PRIV. TTES. X 750 CC','207.48'),
('5639','WHISKY JAMESON  X 750 CC','1446.41'),
('5640','GIN BEEFEATER X 1 LT','1614.34'),
('5641','MALIBU X 750','831.72'),
('5642','RON HAVANA CLUB 7 AÑOS X 750 CC','1789.14'),
('5870','VOLIBARRA X 10 ML','57.83'),
('5872','VINO FOND CAVE RES MALBEC X 750 CC','513.64'),
('5873','VINO FOND CAVE RES CAB.SAUV X 750 CC','355.73'),
('5885','ATUN BAHIA LOMOS NATURAL X 170 GR','160.4'),
('5887','FROSTY POP X 8 UND','1142.64'),
('5894','RAZA PERROS ADULTOS P. C. C. A. X 21 KG','1987.06'),
('5903','TAB MILKA DULCE DE LECHE BLACO X 68 GR','113.21'),
('5906','CAR FLYNN PAFF ANANA 70 X 8 GR','266.03'),
('5907','LICOR BOLS DULCE DE LECHE X 200 CC','68.82'),
('5919','CHUP POP CATCH X 8 UND','1213.67'),
('5923','WHISKY JOHNNIE WALKER RED LABEL X 750 CC','1281.3'),
('5925','CAR PICO DULCE X 450 GR','234.4'),
('5930','VINO ESTECO DON DAVID TORRONTES X375 CC','70.03'),
('5935','AVENA LA EGIPCIANA ARROL TRAD. X 300 GR','77.45'),
('5936','OBLEA ITAMAR DULCE COCO X 110 GR','39.2'),
('5937','GALL OREO VAINILLA/GOLD X 111GR','67.14'),
('5939','HESPERIDINA X 1 LT','4750.38'),
('5960','VINO COLON ROSE X 750 CC','76'),
('5961','BAGGIO MIX FRUTAL X 200 CC','8.73'),
('5963','VINO LATITUD 33  CABERNET X 750 CC','383.89'),
('5964','VINO LATITUD 33  MALBEC X 750 CC','383.89'),
('5965','ACEITE CAÑUELAS OLIVA LATA X 500 CC','365.21'),
('5972','CLIGHT NARANJA DURAZNO 20 X 8.5 GR','430.96'),
('5975','TOST MANIERI GLUTEN MESA X 200 GR','64.38'),
('5976','TOST MANIERI GLUTEN DULCE X 200 GR','64.38'),
('5977','TOST MANIERI GLUTEN SALVADO X 200 GR','64.38'),
('5978','TOST MANIERI GLUTEN S/SAL X 200 GR','64.38'),
('5979','TOST MANIERI LIGHT EQUILIBRIO X 200 GR','72.96'),
('5982','TOALL FEM LINA NOCTURNAS C/ALAS X 8','69.44'),
('5983','TOALL FEM S LIBRE ESP C/ALAS X 8 U','73.39'),
('5993','VINO LATITUD 33  SAUVIGNON BLANC X 750','383.89'),
('5997','QUITAESMALTE CUTEX FORTALECEDOR X 100 CC','93.72'),
('5998','GALL TURIMAR MANTEKITAS X 170 GR','18.94'),
('5999','GALL TURIMAR MANTEKITAS X 400 GR','82.86'),
('6007','CAR BUTTER TOFFES D DE LECHE X 822 GR','369.88'),
('6014','VINO SANTA JULIA SYRAH  X 750 CC','159.83'),
('6029','VINO LATITUD 33  CHARDONAY X 750 CC.','295.99'),
('6030','CHUP POP LASER X 6 UND','949.79'),
('6036','CHAMP DESEADO ROSE  X 750','161.52'),
('6037','CARG ENERG MAXI CHVCM + 2 NH15','554.51'),
('6038','VINO ESTECO CICLOS VIOGNIER  X 750 CC','230.34'),
('6039','SARDINAS GDC AL LIMON X 125 GR','109.43'),
('6041','SARDINAS GDC FILET EN ACEITE X 125 GR','178.63'),
('6042','ATUN GDC LOMO EN ACEITE X 170 GR','178.8'),
('6043','ATUN GDC LOMO AL NATURAL X 170 GR','195.59'),
('6044','ATUN GDC TROZO EN ACEITE X 170 GR','151.42'),
('6046','ATUN GDC DESMENUZADO EN ACEITE X 170 GR','127.34'),
('6047','ATUN GDC DESMENUZADO NATURAL X 170 GR','127.34'),
('6048','ATUN GDC LOMO CLARO EN ACEITE X 170 GR','188.82'),
('6049','ATUN GDC LOMO CLARO AL NATURAL X 170 GR','188.82'),
('6050','CABALLA GDC EN ACEITE X 425 GR','208.78'),
('6051','CABALLA GDC AL NATURAL X 380 GR','258.56'),
('6052','ATUN GDC PATE C/ACEITUNA X 150 GR','203.28'),
('6053','ATUN GDC EN TROZOS POUCH  X 500 GR','517.45'),
('6054','ATUN GDC TROZO AL NATURAL X 170 GR','151.42'),
('6055','SARDINAS GDC EN ACEITE  X 125 GR','109.43'),
('6056','SARDINAS GDC C/SALTA DE TOMATE X 125 GR','72.65'),
('6064','VINO LATITUD 33  SYRAH  X 750 CC','383.89'),
('6070','PEG UNI-POX UNIVERSAL X 100 ML','306.47'),
('6078','MATE TARAGUI LISTO','104.02'),
('6079','JABON SUAVE TIRA X 3 UND','75.48'),
('6080','JABON LUX X 125 GR','39.08'),
('6081','JABON REXONA X 125 GR','42.62'),
('6082','DESODORANTE DOVE CLASICO X 100 GR','120.68'),
('6083','JABON DOVE X 90 GR','64.69'),
('6085','ALF FANTOCHE TRIPLE CHOCOLATE 24 X 85 G','884.74'),
('6086','ALF FANTOCHE TRIPLE BLANCO 24 X 85 GR','884.74'),
('6088','TERMO TARAGUI','172.13'),
('6090','GALL BENJAMIN PEPAS X 200 GR','33.9'),
('6091','GALL BENJAMIN PEPAS X 400 GR','70.88'),
('6100','CINZANO ROSSO X 450 CC','177.83'),
('6102','SEM TINCHO GIRASOL 20 X 40 GR','145.65'),
('6106','PAST TIC TAC FRUTILLA X 12 UND','434.44'),
('6108','ACEITE CAÑUELAS OLIVA PVC X 500 CC','329.16'),
('6113','CAR PICO DULCE MASTICABLE X 500 GR','137.22'),
('6119','FERNET CAPRI X 450 CC','78.98'),
('6128','PROT FEM CAREFREE X 20 COMPACT S/P','106.24'),
('6130','PROT FEM CAREFREE X 20 TODOS LOS DIASS/P','106.24'),
('6133','GALL POLVORITAS VAINILLA X 150 GR','40.02'),
('6134','GALL POLVORITAS FRUTILLA X 150 GR','40.02'),
('6149','GAUCHO PERROS ADULTOS CARNE X 25 KG','1648.33'),
('6157','CHUP MEGACOSMO PINTA LENGUA X 24','188.6'),
('6160','GALL POLVORITAS CHOCOLATE X 150 GR','25.61'),
('6171','CHAMP DESEADO X 750 CC','161.52'),
('6188','POP TARRO DE CHUPELATIN COSMOS','0.01'),
('6192','ACEITE CAÑUELAS MAIZ X 1 LT','110.83'),
('6199','CHOC KINDER  24 X 12.5 GR','669.89'),
('6205','MARTINI PROSECCO SPARKLING WINE X 750 CC','143.24'),
('6206','MARTINI BITTER X 1 LT','177.25'),
('6213','VINO ALMA MORA CABERNET SAU X 750 CC','273.85'),
('6214','VINO ALMA MORA SYRAH  X 750 CC','260.81'),
('6215','VINO FINCA LAS MORAS SAUV BLANC X 750','189.25'),
('6216','VINO FINCA LAS MORAS SYRAH X 750 CC','197.6'),
('6217','VINO FINCA LAS MORAS MALBEC X 750 CC','189.25'),
('6218','VINO FINCA LAS MORAS CAB.SAUV X 750 CC','189.25'),
('6219','VINO FINCA LAS MORAS BONARDA X 750 CC','197.6'),
('6223','VINO CALLIA ALTA MALBEC X 750 CC','186.3'),
('6224','VINO CALLIA ALTA CABERNET SAUV X 750 CC','186.3'),
('6225','CINZANO BIANCO X 950 CC','90.12'),
('6229','BUDIN FANTOCHE C/FRUTA X 220 GR','93.86'),
('6230','BUDIN FANTOCHE S/FRUTA X 220 GR','91.91'),
('6232','BUDIN FANTOCHE C/CHIPS X 220 GR','98.96'),
('6233','PAN DULCE FANTOCHE C/FRUTAS X 400GR','177.79'),
('6234','PAN DULCE FANTOCHE C/ CHOCOLATE X 400','200.59'),
('6241','VINO DILEMA ESPUMANTE BLANCO X 750 CC','360.05'),
('6242','VINO DILEMA ESPUMANTE ROSADO X 750 CC','360.05'),
('6250','GRISIN RIERA FINASHIERBAS X 160 GR','56.51'),
('6254','AGUA LAGOA MINERAL NATURAL C/GAS X 500CC','31.01'),
('6255','AGUA LAGOA MINERAL NATURAL S/GAS X 500CC','27.92'),
('6331','BUDIN FANTOCHE MARMOLADO X 220 GR','91.91'),
('6354','FRAGANCIA TEXTIL SAPHIRUS LIMON X 250 ML','132.9'),
('6355','FRAGANCIA TEXTIL SAPHIRUS UVA X 250 ML','132.9'),
('6356','FRAGANCIA TEXTIL SAPHIRUS BUBBLEGUM X250','132.9'),
('6357','FRAGANCIA TEXTIL SAPHIRUS CONY X 250 ML','132.9'),
('6358','FRAGANCIA TEXTIL SAPHIRUS COCO-VAI X 250','132.9'),
('6359','FRAGANCIA TEXTIL SAPHIRUS ROCIO X 250 ML','132.9'),
('6360','FRAGANCIA TEXTIL SAPHIRUS HAWAI X 250 ML','132.9'),
('6361','FRAGANCIA TEXTIL SAPHIRUS LINAH X 250 ML','132.9'),
('6362','FRAGANCIA TEXTIL SAPHIRUS BEBE X 250 ML','132.9'),
('6363','FRAGANCIA TEXTIL SAPHIRUS ANGEL X 250 ML','132.9'),
('6364','FRAGANCIA TEXTIL SAPHIRUS BAMBOO X 250ML','132.9'),
('6365','FRAGANCIA TEXTIL SAPHIRUS INVICTO X 250','132.9'),
('6366','FRAGANCIA TEXTIL SAPHIRUS MERY X 250 ML','132.9'),
('6367','FRAGANCIA TEXTIL SAPHIRUS PAULA X 250 ML','132.9'),
('6368','FRAGANCIA TEXTIL SAPHIRUS BELLA X 250 ML','132.9'),
('6370','AEROSOL AMBAR BEBE X 280 CC','145.32'),
('6371','AEROSOL AMBAR BUBBLEGUM X 280 CC','145.32'),
('6372','AEROSOL AMBAR LAVANDA X 280 CC','145.32'),
('6373','AEROSOL AMBAR LIMON X 280 CC','145.32'),
('6374','AEROSOL SAPHIRUS CONY','188.78'),
('6375','AEROSOL SAPHIRUS LAVANDA','188.78'),
('6376','AEROSOL SAPHIRUS LIMON','188.78'),
('6377','AEROSOL SAPHIRUS PAPAYA','188.78'),
('6378','AEROSOL SAPHIRUS UVA','188.78'),
('6379','AEROSOL SAPHIRUS CITRUS','188.78'),
('6380','AEROSOL SAPHIRUS COCO-VAI','188.78'),
('6381','AEROSOL SAPHIRUS VERBENA','188.78'),
('6382','AEROSOL SAPHIRUS BAMBOO','188.78'),
('6383','AEROSOL SAPHIRUS BUBBLEGUM','188.78'),
('6384','AEROSOL SAPHIRUS ANGEL','188.78'),
('6385','AEROSOL SAPHIRUS ROCIO','188.78'),
('6386','AEROSOL SAPHIRUS HAWAI','188.78'),
('6387','AEROSOL SAPHIRUS BEBE','188.78'),
('6388','AEROSOL SAPHIRUS BREEZE','188.78'),
('6389','DIFUSOR AROMATICO SAPHIRUS COCO-VAINILLA','190.03'),
('6390','DIFUSOR AROMATICO SAPHIRUS HAWAI','190.03'),
('6391','DIFUSOR AROMATICO SAPHIRUS LIMON','190.03'),
('6392','DIFUSOR AROMATICO SAPHIRUS LAVANDA','190.03'),
('6393','DIFUSOR AROMATICO SAPHIRUS BAMBOO','190.03'),
('6395','CARITAS AROMATICAS CARIBE X 4 UND','163.94'),
('6398','AROMATIZADOR SAPHIRUS MINI ANGEL','101.84'),
('6399','AROMATIZADOR SAPHIRUS MINI BAMBOO','101.84'),
('6400','AROMATIZADOR SAPHIRUS MINI HAWAI','101.84'),
('6401','AROMATIZADOR SAPHIRUS MINI LAVANDA','101.84'),
('6402','AROMATIZADOR SAPHIRUS MINI LIMON','101.84'),
('6405','AROMATIZADOR AUTO RUTA 66 TROPICAL X2UND','114.26'),
('6407','AROMATIZADOR AUTO RUTA 66 POLO X 2 UND','114.26'),
('6411','SENSACIONES SAPHIRUS CITRICO','151.52'),
('6412','SENSACIONES SAPHIRUS LAVANDA','151.52'),
('6414','SENSACIONES SAPHIRUS VAINILLA','151.52'),
('6422','GIN BOMBAY BRAMBLE X 700 CC','1524.65'),
('6587','DURAZNOS NOEL EN MITADES X 820 GR','63.11'),
('6589','VINAGRE FAVINCO ALCOHOL X 1 LT','47.66'),
('6900','GANCIA SPRITZ X 750 CC','93.09'),
('6908','VINO DADA II X 750 CC','247.76'),
('6909','CAFE LA VIRGINIA CORTADO X 125 GR','95.07'),
('6918','PAST BULL DOG SANDIA 12 X 30 GR','222.89'),
('6919','PAST BULL DOG TUTTI 12 X 30 GR','222.89'),
('6921','FEELING YOGURT Y FRUTILLA 30 X 20 GR','521.17'),
('6927','CYNAR X 750 CC','336.48'),
('6928','CAZALIS LEGER X 950 CC','203.1'),
('6933','PAST BULL DOG MANZANA 12 X 30 GR','210.29'),
('6935','GALL FANTOCHE MARMOLADA X 350 GR','78.5'),
('6936','GALL FANTOCHE YAYITAS X 275 GR','78.5'),
('6937','GALL FANTOCHE HOROSCOPO X 300 GR','78.5'),
('6938','GALL FANTOCHE ESPUMITAS X 300 GR','70.12'),
('6939','GALL FANTOCHE TAPITAS X 350 GR','83'),
('6949','PAÑUELOS MANHATTAN DESCARTABLES X 6 UND','57.38'),
('6950','ROCIO VEGETAL CAÑUELAS MAN C/HAR X150GR','165.64'),
('6952','PRIME SKYN EXTRA LUBRICADO X 3 UND','172.89'),
('6953','PRIME SKYN TEXTURADO X 3 UND','172.89'),
('6954','PRIME SKYN ELITE X 3 UND','172.89'),
('6955','PAST PEZ PEPPA PIG','117.66'),
('6957','PAST PEZ POKEMON','117.66'),
('6958','VINO SAN TELMO TINTO X 1125 CC','152.63'),
('7018','5 FERNET 1882 X 750 CC + 1 S/C','1606'),
('7081','SAPITO PINTA LENGUA 24 X 10 GR','88.78'),
('7087','PILA E91 BP20 AA X 20 UND','1060.26'),
('7088','PILA E92 BP20 AAA X 20 UND','1306.26'),
('7090','CHOC GEOR. LECHE S/AZUC 12 X 30 GR','346.67'),
('7092','TAB GEORGALOS LECHE Y MANI X 160 GR','103.24'),
('7121','VINO DADA I X 750 CC','260.16'),
('7125','TAB SHOT BLOQUE X 90 GR','112.07'),
('7126','PEG POXIMIX INTERIOR X 1.25 KG','331.41'),
('7127','GALL PAR-NOR MINI PITUSAS LIMON X 160 GR','48.92'),
('7128','PEG POXIMIX EXTERIOR X 1.25 KG','367.36'),
('7129','RON HAVANA CLUB AÑEJO 3 AÑOS X 750 CC','765.8'),
('7130','VINO CAFAYATE SYRAH X 750 CC','82.12'),
('7131','BOCA DE DAMA X 160 GR','59.56'),
('7139','RAZA PERROS AD RAZAS PEQ CARNE X 1.5 KG','180.19'),
('7145','WHISKY JOHNNIE WALKER RED LABEL X 1 LT','1523.62'),
('7149','ARROZ MOCOVI DOBLE CAROLINA X 500 GR','3.86'),
('7155','PAST MENTITAS LACASA CHERRY X 12','163.04'),
('7156','AGUA LAS MISIONES PVC S/GAS X 500 CC','24.74'),
('7157','AGUA LAS MISIONES PVC C/GAS X 500 CC','27.4'),
('7158','10 GANCIA X 950CC','1663.99'),
('7163','CAR ALKA ACIDO SURTIDO X 800 GR','439.5'),
('7187','PAN DULCE BENJAMIN X 400 GR','144.25'),
('7188','APEROL X 750 CC','433.68'),
('7190','CAR MISKY MAST ZOO SALVAJE X 498 GR','201.38'),
('7191','HARINA PUREZA C/LEV. PARA PANES X 1 KG','82.44'),
('7192','PAMPA PERRO ADULTOS CARNE X 21 KG','982.18'),
('7193','PAST D.R.F. CITRICOS 12 X 26 GR','21.94'),
('7200','GALL BENJAMIN PEPAS C/CHIPS X 320 GR','12.61'),
('7201','GALL BENJAMIN POLVORON C/CHIPS X 120 GR','30.54'),
('7202','GALL BENJAMIN NANKIN VAINILLA X 160 GR','27.04'),
('7203','GALL BENJAMIN YABILA LIMON X 160 GR','27.04'),
('7204','GALL BENJAMIN NAOMI CHOCOLATE X 160 GR','27.04'),
('7205','GALL BENJAMIN ANILLOS COCO X 160 GR','27.04'),
('7207','GATORADE LIMON PET X 500 CC','54.92'),
('7208','CHIC BELDENT INFINIT LIVE MINT 12X14UND','947.98'),
('7209','CHIC BELDENT INFINIT WOW MINT 15X7 UND','463.86'),
('7210','AGUA LAS MISIONES VIDRIO S/GAS X 500CC','31.33'),
('7211','AGUA LAS MISIONES PVC S/GAS X 1.5 LT','30.05'),
('7212','CHIC TOP LINE DEFENSE X 20 UND','179.08'),
('7216','AGUA LAS MISIONES VIDRIO C/GAS X 500CC','32.76'),
('7217','GALL TURIMAR AVENA + CACAO X 400 GR','43.11'),
('7222','TOST RIERA EQULIBRIOLIGHT DULCE X 200 GR','64.01'),
('7225','CHIC BELDENT MENTA SUAVE X 20 UND','540.81'),
('7231','CAMALEON MIXTA 24 + 2 S/C X 3 UND','1116.01'),
('7238','GALL PAR-NOR FIDEITOS X 170 GR','23.22'),
('7239','ATUN GDC LOMO AHUMADO EN ACEITE X 170 GR','129.91'),
('7241','VODKA SKYY X 750 CC','381.8'),
('7245','PAPEL OCB PREMIUM 25 X 50 HOJAS','1486.09'),
('7246','PAPEL OCB X-PERT  25 X 50 HOJAS','1147.54'),
('7247','PAPEL OCB 1 1/4  25 X 50 HOJAS','756.18'),
('7248','CAFE LA VIRGINIA SAQUITOS 20 X 5 GR','205.85'),
('7249','CAFE LA VIRGINIA INST CLASICO X 170 GR','324.55'),
('7250','CAFE LA VIRGINIA INST CLASICO X 50 GR','123.95'),
('7251','CAFE LA VIRGINIA INST CLASICO X 100 GR','186.86'),
('7252','CAFE LA VIRGINIA CAPPUCCINO X 125 GR','138.5'),
('7253','TE LA VIRGINIA SAQ 25 X 2 GR','66.67'),
('7254','TE ROJO LA VIRGINIA SAQ 20 X 1.5 GR','83.04'),
('7255','TE BOLDO LA VIRGINIA SAQ 25 X1.5 GR','92.88'),
('7256','TE TILO LA VIRGINIA SAQ 25 X 1 GR','168.89'),
('7257','TE MANZANILLA LA VIRGINIA SAQ 25 X 1 GR','75.64'),
('7258','TE VERDE LA VIRGINIA SAQ 20 X 2 GR','78.95'),
('7259','TE MEZ HIERBAS LA VIRGINIA SAQ 25 X1.4GR','80.45'),
('7260','AJI TRITURADO ALICANTE 10 X 25 GR','272.69'),
('7261','BICARBONATO ALICANTE 25 X 50 GR','913'),
('7262','CHIMICHURRI  ALICANTE 10 X 25 GR','638.38'),
('7263','COCO RALLADO ALICANTE 5 X 50 GR','261.89'),
('7264','COMINO MOLIDO ALICANTE 10 X 25 GR','333.67'),
('7265','CONDIMENTO ALICANTE P/ PIZZA 10 X 25 GR','356.03'),
('7266','ESPECIAS SURTIDA ALICANTE 10 X 25 GR','180.65'),
('7267','LAUREL TRITURADO ALICANTE 10 X 25 GR','138.8'),
('7268','OREGANO ALICANTE 10 X 25 GR','457.85'),
('7269','PIMIENTA BLANCA  ALICANTE 10 X 25 GR','433.18'),
('7270','PIMIENTA NEGRA  ALICANTE 10 X 25 GR','366.4'),
('7271','PIMENTON ALICANTE 10 X 25 GR','373.79'),
('7272','PROVENZAL ALICANTE 10 X 25 GR','574.13'),
('7273','VAINILLA LIQUIDA  ALICANTE 100 CC','86.36'),
('7276','CAFE LA VIRGINIA EQUILIBRADO X 125 GR','107.05'),
('7277','CAFE LA VIRGINIA EQUILIBRADO X 250 GR','191.71'),
('7278','CAFE LA VIRGINIA EQUILIBRADO X 500 GR','233.17'),
('7282','CLIGHT POMELO AMARILLO 20 X 8 GR','430.96'),
('7283','CHAMP LOS ARBOLES SPARKLING  X 750 CC','132.2'),
('7296','FIDEOS SAN AGUSTIN TALLARIN X 500 GR','33.26'),
('7297','FIDEOS SAN AGUSTIN SPAGHETTI X 500 GR','33.26'),
('7298','PREM MAMA COCINA ÑOQUIS CALABAZ X 400 GR','83.95'),
('7299','GALL MINI PEPITOS X 50 GR','31.12'),
('7300','AZUCAR LA VIRGINIA SOBRES X 800 UND','1039.67'),
('7301','BIZ VALENTE BI-COLOR X 750 GR','111.01'),
('7307','PAST COCO POP','1213.67'),
('7315','CHIC BELDENT INFINIT WOW MINT 12X14UND','947.98'),
('7326','GLOBO CANDELA LISO 9 X 50 UND','225.4'),
('7327','GLOBO CANDELA FELIZ CUMPLE X 50 UND','241.98'),
('7328','GLOBO CANDELA PERLADO LISO X 50 UND','231.22'),
('7329','GLOBO CANDELA PERLADO F. C X 50 UND','215.54'),
('7334','ALF FANTOCHE MINI CHOCOLATE X 150 GR','85.03'),
('7335','ALF FANTOCHE MINI BLANCO X 150 GR','85.03'),
('7336','HUEVO KINDER PASCUA X 150 GR','419.42'),
('7356','GALL TODDY CHISPAS 178 GR','96.07'),
('7357','CHOC COFLER BLOK X 38 GR','45.95'),
('7358','CHOC COFLER BLOK X 110 GR','115.81'),
('7361','CHOC COFLER C/CONF X 55 GR','85.96'),
('7362','CHOC COFLER LECHE X 55 GR','81.1'),
('7363','CHOC COFLER LECHE Y ALMEBDRAS X 55 GR','81.1'),
('7366','CHOC COFLER AIREADO LECHE X 55 GR','90.44'),
('7367','CONFITES  SHOT X 40 GR','32.86'),
('7370','CAFE LA VIRGINIA INST CLASICO 36 X 1.7GR','201.22'),
('7371','CAFE LA VIRGINIA CAPUCCINO 10 X 12.5 GR','160.69'),
('7372','CAFE LA VIRGINIA CAPUCCINO X 210 GR','212.6'),
('7373','YERBA MATE EL LITORAL SAQUITOS 25 X 3 GR','70.9'),
('7374','CALDO ALICANTE CARNE 12X7.5G','116.69'),
('7375','CALDO DE GALLINA 12 X 10 GR','87.8'),
('7376','CALDO DE VERDURA 12 X 7.5 GR','116.69'),
('7377','CALDO ALICANTE FINAS HIERBAS 12X7.5G','117.58'),
('7378','CALDO ALICANTE PANCETA/HIERBAS 12X7.5G','115.01'),
('7379','CALDO ALICANTE ALBAHACA/AJO 12X7.5G','129.91'),
('7381','CALDO ALICANTE PUERRO 12X7.5G','129.91'),
('7382','SOPA FIDEOS/ VERDURA 10 X 72 GR','449.98'),
('7391','CONFITES SAPITO 24 X 15 GR','457.32'),
('7393','ALF FANTOCHE TRIPLE CHOCOLATE 12 X 85 G','442.37'),
('7395','PAST TIC TAC MENTA FUERTE X 12 UND','419.8'),
('7397','CONDIMENTO P/ARROZ ALICANTE 10 X 25 GR','301.64'),
('7400','LICOR CUSENIER MARACUYA X 700 CC','45.55'),
('7420','ALPISTE X 400 GR','109.79'),
('7421','ALIMENTO PARA PAJAROS X 400 GR','96.88'),
('7422','MIJO  X 400 GR','87.19'),
('7423','EDULCORANTE TUY X 400 SOBRES','548.9'),
('7426','TARTELETAS CHICAS  X 150 GR','142.01'),
('7427','SAL FINA TRESAL PAQUETE X 500 KG','27.95'),
('7428','SAL ENTREFINA TRESAL PAQUETE X 1 KG','43.97'),
('7431','LINT  EVEREADY 2AA LED(GPHH211)','272.83'),
('7432','LINT  EVEREADY 2D LED (LC1L2D1)','335.4'),
('7434','ALF MILKA TRIPLE OREO TORTA X 61 GR','7.4'),
('7437','CHIC BELDENT FRUTILLA X 20 UND','583.62'),
('7453','YERBA MATE CACHAMATE PAMPEANA X 500 GR','132.07'),
('7454','YERBA MATE CACHAMATE ROSA X 1 KG','258'),
('7455','YERBA MATE SILUET PLUS X 500 GR','132.07'),
('7456','YERBA MATE CACHAMATE AMARILLO X 500 GR','132.07'),
('7457','YERBA MATE CACHAMATE AMARILLO X 1 KG','258'),
('7458','YERBA MATE CACHAMATE SERRANA X 500 GR','132.07'),
('7459','YERBA MATE CACHAMATE ROSA X 500 GR','132.07'),
('7460','TE BOLDO CACHAMAI SAQ X 20','67.68'),
('7461','TE MANZANILLA CACHAMAI SAQ X 20','49.25'),
('7462','TE AMARILLO CACHAMAI SAQ X 20','49.25'),
('7463','TE ROSA CACHAMAI SAQ X 20','49.25'),
('7464','VINO DADA III X 750 CC','260.16'),
('7468','POROTOS LA EGIPCIANA MANTECA LATA X350 G','77.45'),
('7489','PEG POXIMIX EXTERIOR X 500 GR','253.8'),
('7490','LECHE BAGGIO CHOCOLATADA X 200 CC','31.73'),
('7494','GALL OREO MINI X 150 GR','79.38'),
('7497','FERNET VITTONE X 1000 CC','135.53'),
('7502','VINO ALMA MORA VIOGN DULCE X 750 CC','260.81'),
('7503','VINO ALMA MORA BLEND TINTO X 750 CC','232.87'),
('7506','PAMPA PERROS CACHORROS X 15 KG','696.37'),
('7511','CHAMP TRAPICHE BRUT NATURE X 750 CC','196.39'),
('7513','VINO DADA VII ESPUMANTE X 750 CC','364.6'),
('7514','PEG POXIMIX INTERIOR X 500 GR','253.8'),
('7518','GALL PAR-NOR COCO X 400 GR','98.18'),
('7519','GALL PAR-NOR MOROCHITAS X 360 GR','98.18'),
('7521','GALL PAR-NOR MINI PITUSAS CHOC X 300 GR','87.97'),
('7522','GALL PAR-NOR MINI PITUSAS FRUT X 300 GR','87.97'),
('7523','GALL PAR-NOR MINI PITUSAS VAIN X 300 GR','87.97'),
('7524','ALF FANTOCHE TRIPLE BLANCO 12 X 85 G','442.37'),
('7525','CHIMICHURRI DINO PET X 250 CC','85.7'),
('7526','ACETO DINO DEL LITORAL PET X 250 CC','115.92'),
('7529','GATORADE NARANJA PET X 1.25 L','94.43'),
('7530','GATORADE MANZANA PET X 1.25 L','94.43'),
('7531','GATORADE FRUTAS TROPICALES PET X 1.25 L','94.43'),
('7532','GATORADE COOL BLUE PET X 1.25 L','94.43'),
('7538','LECHE BAGGIO CHOCOLATADA X 1000 CC','110.88'),
('7539','CHAMP MERCIER DEMI SEC X 750 CC','383.89'),
('7540','VINO VALMONT TINTO X 750 CC','253.81'),
('7541','VINO VALMONT BLANCO X 750 CC','235.57'),
('7542','VINO CASTEL BLANCO X 750 CC','174.06'),
('7545','VINO DADA VII ESPUMANTE ROSADO X 750 CC','364.6'),
('7546','NUTELLA X 140 GR POTE','160.66'),
('7547','VINO COLON SPARKLING DULCE X 750 CC','100.72'),
('7549','PREM PUREZA PIZZA INTEGRAL X 550 GR','90.18'),
('7550','PREM PUREZA PIZZA GOURMET X 550 GR','82.37'),
('7552','TE VERDE SABOR FRUTILLA CACHAMAI SAQX20','86.66'),
('7553','TE VERDE SABOR MANDARINA CACHAMAI SAQX20','86.66'),
('7554','TE VERDE GROSELLA NEGRA CACHAMAI SAQX20','86.66'),
('7555','TE VERDE CACHAMAI SAQ X 20','56.52'),
('7556','VINO ALMA MORA BLEND BLANCO X 750 CC','161.28'),
('7558','VINO LOVE DE FLM CAB. SAUV X 750 CC','146.93'),
('7559','VINO LOVE DE FLM CHARDONNAY X 750 CC','146.93'),
('7567','FRIZZE BLUE X 750 CC','66.2'),
('7568','MEJILLONES GDC AL NATURAL X 190 GR','236.35'),
('7569','MEJILLONES GDC EN ACEITE X 190 GR','236.35'),
('7571','VINO GRAN LOS ARBOLES MALBEC X 750 CC','249.81'),
('7573','VINO EL PORTILLO CHARDONNAY X 750 CC','247.84'),
('7575','VINO ESPERADO DE CALLIA VIOG-TOR X 750CC','91.6'),
('7577','CHIMICHURRI DINO AHUMADO PET X 250 CC','99.47'),
('7579','VINO IMAGO RED  BLEND X 750 CC','248.4'),
('7580','VINO IMAGO MALBEC X 750 CC','248.4'),
('7581','VINO IMAGO CABERNET SAUVIGNON X 750 CC','248.4'),
('7582','VINO IMAGO WHITE BLEND X 750 CC','82.46'),
('7583','CHAMP ALMA MORA EXTRA BRUT X 750 CC','185.16'),
('7585','VINO EL ESTECO CAB. SAUV X 750 CC','427.16'),
('7596','VINO EL ESTECO MALBEC X 750 CC','427.16'),
('7600','CHAMP CHANDON DELICE X 750 CC','772.14'),
('7604','LINT POCKET LIGHT + 3 AAA (PL33A)','245.91'),
('7609','VINO FINCA LAS MORAS RVA CS-SYR X 750 CC','137.58'),
('7610','VINO FINCA LAS MORAS RVA MALBEC X 750 CC','185.2'),
('7612','VINO DADA V X 750 CC','198.37'),
('7616','CHAMP FOND CAVE X 750 CC','326.15'),
('7617','TANG LIMONADA DULCE 20 X 18 GR','408.12'),
('7620','MAQUINA PLASTICA OCB','322.91'),
('7621','MAQUINA METALICA OCB','194.12'),
('7626','CLIGHT NARANJA MANGO 20 X 8.5 GR','430.96'),
('7630','MADALENA VALENTE CHIP CHOCOLATE X 8 UND','75.38'),
('7635','FRIZZE CLASSIC WHITE X 750 CC','71.86'),
('7636','CAFE LA VIRGINIA INST SUAVE 36 X 1.7 GR','158.83'),
('7638','JAMAICA DRY RUM X 1 LTRS','112.4'),
('7639','LICOR MARIPOSA X 750','145.01'),
('7640','ATUN GDC DESM C/SALSA TOM X 170 GR','111.71'),
('7641','ATUN GDC DESM.C/SALSA TOM PIC X 170 GR','111.71'),
('7656','COLGATE ANTICARIES X 90 GR','81.02'),
('7664','ALF GUAYMALLEN BLANCO 40 X 38 GR','613.25'),
('7665','ALF GUAYMALLEN NEGRO 40 X 38 GR','613.25'),
('7666','ALF GUAYMALLEN FRUTA 40 X 38 GR','613.25'),
('7670','FIDEOS ARROZ NANI X 350 GR','103.61'),
('7671','FIDEOS ARROZ NANI ESPINACA X 350 GR','105.88'),
('7672','FIDEOS ARROZ NANI MORRON X 350 GR','112.24'),
('7673','FIDEOS ARROZ NANI HUEVO X 350 GR','112.24'),
('7674','FIDEOS MAIZ NANI X 350 GR','84.59'),
('7675','ARITOS FRUTALES NANI X 130 GR','51.51'),
('7676','ARITOS MIEL NANI X 130 GRS','40.43'),
('7677','BOLITAS CHOCOLATE NANI X 150 GR','55.37'),
('7678','GALL NANITAS ARROZ X 120 GR','38.13'),
('7684','VINO TRAPICHE ALARIS DLCE COSECHA X750CC','198.71'),
('7685','GALL FANTOCHE FUN CHISPAS CHOC X 150 GR','41.82'),
('7686','GALL FANTOCHE ROSQUILLAS C/GRAN X 150 GR','38.53'),
('7688','SARDINAS GDC C/SALSA TOM. PIC.  X 125 GR','95.99'),
('7689','SARDINAS GDC C/SALTA DE TOMATE X 250 GR','152.92'),
('7691','MATE COCIDO CACHAMATE X 25 SAQ','53.21'),
('7692','TAB MILKA DULCE DE LECHE X 135 GR','202.46'),
('7693','TAB MILKA DULCE DE LECHE BLANCO X 135 GR','129.67'),
('7701','CHAMP SUTER EXTRA BRUT X 750 CC','216.92'),
('7705','VINO MICHEL TORINO SEL DORADA TTO X 700','34.13'),
('7706','VINO MICHEL TORINO SEL DORADA BCO X 700','31.06'),
('7718','GALL NANI VAINILLA X 90 GR','42.95'),
('7719','GALL NANI COCO X 90 GR','49.1'),
('7720','GALL NANI CHOCOLATE X 90 GR','49.1'),
('7721','GALL NANI LIMON X 90 GR','49.1'),
('7722','GALL NANI NARANJA X 90 GR','49.1'),
('7731','CAR HALLS MIEL X 12 UND','343.67'),
('7739','VINO CALLIA AMABLE ROSE X 750','54.41'),
('7740','ARROZ LARGO FINO LA EGIPCIANA X 500 GR','58.08'),
('7756','WATER POP X 8 UND','1343.17'),
('7758','VINO TRAPICHE RESERVA MALBEC X 750 CC','387.73'),
('7761','GILLETTE PRESTO ULTRA GRIP AZUL X 12','678.28'),
('7762','GILLETTE MINORA NUEVA X 12','499.6'),
('7763','GILLETTE PRESTOTRESFILOS X 10','1033.34'),
('7764','GILLETTE REPUESTO MACHT III X 2','288.23'),
('7768','SAL DINO CON CHIMICHURRI X 378 GR','136.62'),
('7769','SAL DINO CON PIMIENTA X 378 GR','136.62'),
('7770','SAL DINO CON FINAS HIERBAS X 378 GR','136.62'),
('7771','PAN RALLADO MAMA COCINA X 1 KG','106.91'),
('7772','REB MAMA COCINA  P/FREIR X 1 KG','99.96'),
('7773','PREM MAMA COCINA CHIPA X 250 GR','128.83'),
('7774','GARRAPIÑADA MANI MISKY X 60 GR','26.38'),
('7777','MARSHMALLOWS TWIST FRUTILLA X 30 UND','529.34'),
('7778','MARSHMALLOWS TWIST MIX X 150 GR','193.94'),
('7780','GANCIA RED BITTER X 750 CC','94'),
('7781','CAIPIRINHA CAPOEIRA X 950 CC','172.32'),
('7783','VINO DADA ART MALBEC X 750 CC','260.16'),
('7784','VINO DADA ART CABERNET X 750 CC','260.16'),
('7786','VINO FINCA LAS MORAS BCO DULCE X 750 CC','189.25'),
('7787','VINO FINCA LAS MORAS ROSADO X 750 CC','189.25'),
('7788','TAB MILKA CHOCO SWING X 300 GR','216.74'),
('7802','CHIC BELDENT INFINIT WILD MINT 12X14 UND','947.98'),
('7810','ENC CANDELA CLASICO GLOW MINI X 10 UND','154.5'),
('7815','TAFFY ROLL X 53 GRS','113.28'),
('7816','CHIMICHURRI DINO PICANTE PET X 250 CC','99.47'),
('7817','GALL FANTOCHE CHOCODONAS X 120 GR','14.66'),
('7818','ALF FANTOCHE TRIPLE NIGHT 12 X 85 G','475.39'),
('7819','ALF FANTOCHE TRIPLE DAY 12 X 85 G','475.39'),
('7821','PAST EMOTI POP X 9 UND','1305.98'),
('7839','VINO SANTA JULIA PINOT GRIGIO X 750 CC','159.83'),
('7840','VODKA NIKOV STRONG X 1 LT','73.68'),
('7841','FIDEOS SAN AGUSTIN PAMPERITO X 500 GR','33.26'),
('7842','HARINA CAÑUELAS 000 X 1 KG','51.1'),
('7843','AIR POP X 9 UND','1553.75'),
('7845','VINO FINCA LAS MORAS MALBEC X 375 CC','46.27'),
('7846','NUTELLA X 350 GR POTE','309.2'),
('7848','CANDY RING ZOO X 12 UND','53.18'),
('7853','VODKA NIKOV X 1 LT 5+1 S/C','1009.68'),
('7855','CAMPARI BITTER X 450 CC','243.13'),
('7857','SEM PIPAS GIRASOL GIGANTE X 12 UND','449.34'),
('7868','VINO PHEBUS MALBEC 750 CC','89.76'),
('7871','GALL 9 DE ORO PASEO MULTICEREAL X 300 GR','64.32'),
('7872','GALL 9 DE ORO PASEO CINCO SEM X 300 GR','64.32'),
('7873','GALL 9 DE ORO PASEO SIN SAL X 300 GR','62.14'),
('7874','GALL 9 DE ORO PASEO SESAMO X 300 GR','64.32'),
('7876','VINO CARCASSONNE CLASICO X 375 CC','39.18'),
('7889','COCA COLA 2.25 LT','192.12'),
('7894','SAL DINO AHUMADA X 378 GR','136.62'),
('7899','ACEITE CAÑUELAS GIRASOL OLEICO X 900CC','148.5'),
('7901','SAL GRUESA TRESAL PAQ X 1 KG','42.6'),
('7902','SAL FINA TRESAL PAQUETE LAMINADA X 500 G','34.46'),
('7908','FOSFOROS GRAN FRAGATA ECO 10 X 400 UND','405.66'),
('7918','MADALENA VALENTE LIMON X 10 UND','37.41'),
('7919','MADALENA VALENTE CHOCOLATE DDL X 10 UND','39.08'),
('7920','GALL PAR-NOR LOCURAS YOGURT X 140 GR','7.41'),
('7923','MARSHMALLOWS TWIST MIX X 50 GRS','67.81'),
('7924','ALF COFLER BLOCK TRIPLE X 60 GR','69.49'),
('7927','GALL SERRANAS SANDWICH 3 X 112 GR','85.18'),
('7928','GALL SERRANITAS 3 X 105 GR','51.11'),
('7929','CHOC AGUILA POUCH X 150 GR','116.35'),
('7930','GALL FORMIS FRUTILLA X 108 GR','37.88'),
('7931','CHOC AGUILA TAZA X 100 GR','146.65'),
('7933','GALL FORMIS VAIN/CHOC X 108 GR','37.88'),
('7934','GALL MANA VAINIL. RELLENAS CHOC X 165 GR','66.05'),
('7935','GALL MANA RELLENAS FRUTILLA X 165 GR','66.05'),
('7936','GALL MANA VAINILLA X 145 GR','51.38'),
('7937','GALL MANA VAINILLA 3 X 131 GR','98.9'),
('7938','GOMITAS MOGUL MORA X 500 GR','367.14'),
('7939','GOMITAS MOGUL DIENTES X 500 GR','367.14'),
('7941','GOMITAS MOGUL ANILLOS X 1 KG','584.82'),
('7943','GOMITAS MOGUL OSITOS 12 X 30 GR','246.42'),
('7944','GOMITAS MOGUL PIECITOS 12 X 25 GR','242.31'),
('7945','GOMITAS MOGUL TIBURONCITOS 12 X 30 GR','246.42'),
('7946','GALL HOGARENAS SALVADO X 200 GR','44.73'),
('7947','CAR BUTTER TOFFES AGUILA X 822 GR','369.88'),
('7949','CAR BUTTER TOFFES BON O BON X 822 GR','369.88'),
('7950','CAR ARCOR SAQUITO FRUTA X 810 GR','431.03'),
('7951','CAR ARCOR BASTON VIENA X 470 GR','182.98'),
('7952','CAR ARCOR RODAJAS CRAZY X 465 GR','288.59'),
('7953','VINO ESTECO FINCA NOT MALBEC X 750 CC','1109.5'),
('7959','ALF CHOCO ARROZ  DDL 24 X 25 GR','560.89'),
('7966','CLIGHT NARANJA STEVIA 16 X 9.5 GR','430.96'),
('7967','CLIGHT MANZANA STEVIA 16 X 7.5 GR','430.96'),
('7968','CLIGHT LIMON STEVIA 16 X 7.5 GR','430.96'),
('7970','CAR HALLS FREE CHERRY 12 X 20 GRS','388.31'),
('7971','CAR HALLS FREE STRONG 12 X 20 GR','432.18'),
('7973','GALL GALLO DE ARROZ DULCE X 50 GR','34.76'),
('7974','GALL GALLO DE ARROZ SALADOS X 50 GR','32.56'),
('7975','GALL GALLO DE ARROZ TORTA NEGRA X 50 GR','34.76'),
('7976','VODKA NIKOV MANGO X 1 LT','84.37'),
('7978','RAID PAPEL RAPIDA ACCION 20 X 12 UND','948.29'),
('7979','GALL FORMIS CHOC/DD LECHE X 108 GR','15.68'),
('7980','GALL 9 DE ORO PASEO SESAMO X 150 GR','20.87'),
('7981','GALL 9 DE ORO PASEO CRACKERS X 150 GR','17.96'),
('7982','GALL 9 DE ORO PASEO SALVADO X 150 GR','22.27'),
('7983','GALL 9 DE ORO PASEO CINCO SEM X 150 GR','20.87'),
('7986','AROMATIZADOR ANALOGICO SAPHIRUS','587.47'),
('7991','CHIC BELDENT INFINIT SWEETBE 12X14 UND','180.54'),
('7997','GALL CEREALITAS AVENA COCO X 231 GR','59.88'),
('8000','CHOCLO EGIPCIANA AMALARILLO LATA X 320GR','77.5'),
('8007','BOM HAMLET LECHE 390 GR','364.43'),
('8017','PAPEL OCB ULTIMATE 25 X 50 HOJAS','1486.09'),
('8031','CAR FLYNN PAFF FRUT/BNA/NARJ 70 X 8 GR','139.75'),
('8032','CHUP FLYNN PAFF TUTI 24 X 18 GR','278.29'),
('8038','DR LEMON C/VODKA X 1 L','144.06'),
('8039','DR LEMON MOJITO X 1 LT','144.06'),
('8050','PAST BULL DOG MANDARINA 12 X 30 GR','222.89'),
('8051','5 GALL OREO X 117 GR + 1 S/C','212.42'),
('8052','GAUCHO GATOS ADULTOS PESCADO X 15 KG','1528.04'),
('8055','AMARGO OBRERO X 950 CC','165.06'),
('8059','CAR ALKA CREMOSO X 800 GR','439.5'),
('8060','GANCIA 950 CC','1189.92'),
('8064','BOC ARCOR CHOCO MANI 125 X 6.5 GR','539.27'),
('8066','CHIC BUBBALOO BANANA X 60 UND','210.37'),
('8068','VODKA SMIRNOFF CITRUS X 700 CC','458.05'),
('8071','VODKA SMIRNOFF GREEN APPLE X 700 CC','458.05'),
('8072','VODKA SMIRNOFF RASPBERRY X 700 CC','458.05'),
('8086','6 FERNET 1882 X 750 CC + 1 S/C','1525.09'),
('8087','RAZA PERROS AD RAZAS PEQ CARNE X 15 KG','1592.75'),
('8088','RAZA GATOS PESCADO X 3 KG','205.2'),
('8093','VINO TRAPICHE COSTA PAMPA S. BLANC X 750','314.88'),
('8094','VINO LOS ARBOLES CHARDONAY X 750CC','218.58'),
('8096','PRIME TURBO X 3 UND','131.27'),
('8100','WHISKY JAMESON  X 1 LT.','624.64'),
('8101','CHIC BELDENT INFINIT LIVE MINT 15 X 7UND','463.86'),
('8102','PEG ECCOLE 9 R','277.74'),
('8103','10 ALF TERRABUSI TRIPLE TORTAX70 + 1 S/C','437.8'),
('8109','10 ALF OREO TRIPLE X 55 GR + 1 S/C','454.72'),
('8110','10 ALF TERRABUSI TRIPLE CHOC 70G + 1 S/C','437.8'),
('8113','5 GALL PEPITOS X 118 GR + 1 S/C','210.77'),
('8116','GATORADE FIER. UVA PET X 500 CC','54.92'),
('8117','GOMITAS MISKY FANTASIA ESTUCHE 12 X 50 G','166.32'),
('8118','WHISKY JOHNNIE WALKER GREEN LABEL X750CC','5691.22'),
('8120','WHISKY JACK DANIELS HONEY X 750 CC','2510.1'),
('8121','GIN DREAMER PETERS X 750 CC','220'),
('8124','LINT X 1 UNID METAL LIGHT  EVEREDY','189.48'),
('8126','BAILEYS DULCE DE LECHE X 750 CC','962.84'),
('8127','VODKA KETEL ONE X 750 CC','1180.07'),
('8128','WHISKY JACK DANIELS BOTELLA X 750 CC','2510.1'),
('8130','GALL BENJAMIN PEPAS MAR DE ORO X 400 GR','67.62'),
('8132','CARPANO ROSSO X 950 CC','205.94'),
('8133','CARPANO BIANCO X 950 CC','156.8'),
('8136','CAFE LA VIRGINIA INST SELEC GRANU 100 GR','146.04'),
('8137','BOMBONERA LOVERS X 264 GR','621.32'),
('8138','BOMBONERA ORO X 264 GR','551.33'),
('8139','BOMBONERA MARROC X 264 GR','590.1'),
('8141','BOMBONERA ORO HEXAGONAL X 150 GR','450.47'),
('8143','BOMBONERA MARROC HEXAGONAL X 176 GR','450.47'),
('8147','GIN TANQUERAY DRY X 750 CC','1283.63'),
('8149','CONDIMENTO ALICANTE P/TUCO-GUISO 10X25GR','160.44'),
('8152','BOM BON O BON BLANCO X 450 GR','549.77'),
('8153','BOM GAROTO SURTIDO X 300 GR','220.88'),
('8154','WHISKY JOHNNIE WALKER PLATINUM X 750 CC','1702.43'),
('8155','CHIC TOP LINE 7 ATOMIC STRONG 16 X 14 GR','538.61'),
('8157','CHIC TOP LINE 7 VIOLET CHERRY 16 X 14 GR','538.61'),
('8158','CHIC TOP LINE 7 V STRAWBERRY 16 X 14 GR','538.61'),
('8159','CHIC TOP LINE 7 XPLOSIVE MINT 16 X 14 GR','538.61'),
('8163','GALL FANTOCHE YAYITAS BLACK X 250 GR','78.5'),
('8164','GATORADE FRUTAS TROPICALES PET X 500 CC','54.92'),
('8168','WHISKY JOHNNIE WALKER DOUBLE BLACK X 750','2526.08'),
('8172','ENC CLIPPER MAXI X 6 UND','188.34'),
('8173','MER LA HUERTA DURAZNO X 454','36.23'),
('8178','PILA X91 AA TITANIUM X 2 UND','52.89'),
('8179','CHAMP DON DAVID ESPUMANTE X 750 CC','341.12'),
('8180','TEQUILA EL JIMADOR BLANCO X 750 CC','949.34'),
('8181','VODKA FINLANDIA X 750 CC','703.03'),
('8182','JAMAICA GOLD RUM X 1 L','110.53'),
('8184','GEL ROYAL CEREZA 8 X 40 GR','92.68'),
('8192','GALL FORMIS FRUTILLA X 72 GR','25.27'),
('8196','PINERAL X 750 CC','275'),
('8198','VINO COLON MALBEC-SYRAH X 750 CC','72.59'),
('8199','WHISKY BLENDERS HONEY X 750 CC','122.66'),
('8200','WHISKY CHIVAS EXTRA X 750 CC','2443.32'),
('8201','CAR PICO DULCE ANIMALS X 500 GR','159.51'),
('8214','ACEITE CAÑUELAS GIRASOL X 5 LT','1064.84'),
('8215','BIZCOCHOS 9 DE ORO ARROZ DULCE X 100 GR','32.32'),
('8219','MAPU PERRO ADULTO X 15 KG','2057.65'),
('8221','WHISKY JACK DANIELS GENTLEMAN X 750 CC','2500.3'),
('8223','GALL TURIMAR MINI TRIANGULOS X 200 GR','26.47'),
('8225','BIZCOCHOS 9 DE ORO ARROZ SALADO X 100 GR','31.78'),
('8227','VINO ESTANCIA MZA MALBEC ROBLE X 750 CC','120.59'),
('8228','MINI BUDIN 9 DE ORO VAINILLA X 700 GRS','203.07'),
('8229','MINI BUDIN 9 DE ORO VAINILLA DDL X 900 G','203.07'),
('8230','MAXX MIXTA 12 X 3 UND + SHARK X 25 S/C','877.61'),
('8231','MAXX ESPERMICIDA X 3 UND','71.18'),
('8232','MAXX SUPER LUBRICADO X 3 UND','71.18'),
('8233','MAXX SUPER FINO X 3 UND','71.18'),
('8234','MAXX TEXTURADO X 3 UND','71.18'),
('8235','MAXX TACHAS X 3','71.18'),
('8236','GALL 9 DE ORO PASEO VEG ZAPALLO X 150 GR','39.37'),
('8237','GALL 9 DE ORO PASEO VEG ESPINAC X 150 GR','37.5'),
('8238','BUDIN 9 DE ORO INTEGRAL BANANA X 220 GR','71.03'),
('8239','BUDIN 9 DE ORO INTEGRAL LIMON X 220 GR','71.03'),
('8240','GALL 9 DE ORO ANILLITO COCO X 120 GR','27.08'),
('8241','GALL 9 DE ORO ANILLITO VAINILLA X 120 GR','27.08'),
('8242','GALL 9 DE ORO ANILLITO CHOCO X 120 GR','27.08'),
('8243','PILA MAX PLUS E91 BP4 AA ALCAL X 4 UND','222.55'),
('8244','PILA MAX PLUS E92 BP4 AA ALCAL X 4 UND','307.85'),
('8246','LAMP LED 14 W LUZ BLANCA','146.95'),
('8247','COPON BEEFEATER','419.92'),
('8248','PAMPA CRIADORES PERROS CACHARROS X 15 KG','1159.3'),
('8249','PAMPA CRIADORES PERROS ADULTOS X 22 KG','2246.5'),
('8250','MAPU PERRO ADULTO MORDIDA PEQUEÑA X 9 KG','914.19'),
('8251','ALC EN GEL PORTA X 250 CC','124.04'),
('8254','GOMITAS RICOMAS BOTON FRUTA X 500 GR','173.46'),
('8255','GOMITAS RICOMAS CONITO FRUTA X 500 GR','173.46'),
('8256','PAST BULL DOG MIX TUTTI/LIMON 12 X 30 GR','222.89'),
('8258','VINO FOND CAVE GRAN RES BLEND X 750 CC','971.53'),
('8259','QUITAESMALTE CUTEX FORTALECEDOR X 100 CC','119.68'),
('8260','OBLEA POLVORITAS VAINILLA X 55 GR','15.02'),
('8261','TAB MILKA LECHE X 55 GR','93.49'),
('8262','2 CHUP PICO D X48 +1 CAR PICO D X 450S/C','487.87'),
('8263','OBLEA POLVORITAS FRUTILLA X 55 GR','15.02'),
('8264','CHOC FERRERO ROCHER EST ACRIL X 12 UND','481.5'),
('8265','AGUA LAGOA DE MANANTIAL MINERAL X 6.5 L','120.95'),
('8266','AGUA LAGOA MINERAL NATURAL S/GAS X 2 L','50.75'),
('8267','VINO FOND CAVE RES CAB FRANC X 750 CC','513.64'),
('8268','PASTA BOX BROCOLI VASO X 64 GR','48.63'),
('8269','PASTA MC VERDE DOY PACK X 200 GR','85.54'),
('8270','PASTA MC FILETO DOY PACK X 200 GR','84.11'),
('8271','ARROZ MC QUESOS DOY PACK X 200 GR','84.11'),
('8272','ARROZ MC PRIMAV DOY PACK X 200 GR','84.11'),
('8273','ALC EN GEL DINO X 250 CC','93.16'),
('8274','GALL FANTOCHE PEPAS X 350 GR','60.41'),
('8275','OBLEA 9 DE ORO FRU/VAI X 100 GR','22.31'),
('8276','GALL 9 DE ORO PEPA INTEGRALX 140 GR','38.08'),
('8277','WHISKY JOHNNIE WALKER 18 AÑOS X 750 CC','7862.96'),
('8278','WHISKY JOHNNIE WALKER 21 AÑOS X 750 CC','10573.88'),
('8279','WHISKY JOHNNIE W BLUE GHOST&RARE X 750CC','17409.11'),
('8280','WHISKY SINGLETON 18 AÑOS X 700 CC','2735.1'),
('8281','WHISKY CRAGGANMORE X 750 CC','4808.5'),
('8282','WHISKY GLEN ELGIN X 750 CC','4808.5'),
('8285','GALL LHERITIER PEPAS X 400 GR','41.08'),
('8286','MALTA EL POCILLO X 125 GR','104.27'),
('8287','MALTA EL POCILLO NIÑOS X 125 GR','104.27'),
('8288','MALTA EL POCILLO X 170 GR','152.41'),
('8289','BIZ VALENTE CUADRADO VAINILLA  X 500 GR','127.87'),
('8290','CHIC FLICS FRUTA X 14 UND','273.64'),
('8291','DESODORANTE REXONA MUJER COTON DRYX90 G','155.41'),
('8292','DESODORANTE REXONA HOMBRE ROLL-ON X 50 M','135.28'),
('8293','ENJUAGUE BUCAL COLGATE PLAX X 250 CC','231.46'),
('8294','DESODORANTE DOVE BOL X 50','154.02'),
('8295','DESODORANTE REXONA MUJER ROLL-ON X 50 M','107.68'),
('8296','GALL GALLO SNACKS QUESO X 50 GR','38.65'),
('8297','GALL GALLO SNACKS QUESO X 100 GR','95.5'),
('8298','GALL GALLO SNACKS PIZZA X 50 GR','38.65'),
('8299','GALL GALLO SNACKS PIZZA X 100 GR','95.5'),
('8300','JAB POLVO ZORRO CLAS LAV MANO X 400G 375','54.98'),
('8301','JAB POLVO ZORRO CLAS LAV MANO X 800G 376','102.19'),
('8302','JAB POLVO ZORRO CLAS LAV MANO X 3KG 377','383.98'),
('8303','JAB POLVO ZORRO BLUE LAV MANO X 400G 381','54.98'),
('8304','JAB POLVO ZORRO BLUE LAV MANO X 800G 382','102.19'),
('8305','JAB POLVO ZORRO BLUE LAV MANO X 3KG 383','383.98'),
('8306','JAB POLVO ZORRO CLASICO MATIC X 400G 371','54.98'),
('8307','JAB POLVO ZORRO CLASICO MATIC X 800G 372','102.19'),
('8308','JAB POLVO ZORRO CLASICO MATIC X 3KG 373','358.86'),
('8309','JAB POLVO ZORRO BLUE MATIC X 800G 379','102.19'),
('8310','JAB POLVO ZORRO BLUE MATIC X 3 KG 380','383.98'),
('8311','JAB LIQUIDO ZORRO BLUE POWER X 800ML 063','105'),
('8312','JAB LIQUIDO ZORRO CLASICO X 800ML 064','105'),
('8313','JAB LIQUIDO ZORRO CLASICO X 1.5 LT 054','197.02'),
('8314','JAB LIQUIDO ZORRO BLUE POWER X 1.5L 057','197.02'),
('8315','JAB LIQUIDO ZORRO CLASICO X 3L 055','409.16'),
('8316','JAB LIQUIDO ZORRO EVOLUTION X 720ML 060','107.15'),
('8317','JAB LIQUIDO ZORRO EVOLUTION X 2.7L 061','409.16'),
('8318','JAB POLVO ZORRO EVOLUTION X 360 GR','47.84'),
('8319','JAB POLVO ZORRO EVOLUTION X 720G 907','93.6'),
('8320','JAB POLVO ZORRO EVOLUTION X 2.7K 908','380.12'),
('8321','JAB LIQUIDO ZORRO BLUE POWER X 3L 058','409.16'),
('8322','JAB BLANCO GRAN FEDERAL TRAD 2 X150G 237','57.77'),
('8323','JAB BLANCO GRAN FEDERAL ROP DEL 150G 240','24.64'),
('8324','JAB BLANCO GRAN FEDERAL TRAD X150G 238','29.83'),
('8325','JAB BLANCO ZORRO CLASICO X 150G 234','28.12'),
('8326','JAB BLANCO ZORRO CLASICO 2 X 150G 233','52.02'),
('8327','JAB BLANCO ZORRO C/SUAVIZANTE X 150G 235','28.12'),
('8328','JAB BLANCO ZORRO FLORAL X 150G 236','28.12'),
('8329','DET ZORRO ULTRA MENTA Y ALGA X 300ML 464','59.95'),
('8330','DET ZORRO ULTRA LIMON X 300ML 465','40.66'),
('8331','DET ZORRO ULTRA ALOE  Y COCO X 300ML 466','59.95'),
('8332','DET ZORRO ULTRA NAR JENGIBRE X 500ML 459','88.49'),
('8333','DET ZORRO ULTRA MENTA Y ALGA X 500ML 460','94.69'),
('8334','DET ZORRO ULTRA LIMON X 500ML 461','94.69'),
('8335','DET ZORRO ULTRA ALOE Y COCO X 500ML 462','88.49'),
('8336','SUAVIZANTE SUAVE LIBRE ENJ X 900ML 255','89.8'),
('8337','SUAVIZANTE SUAVE VIOLETAS CAMPO X900 256','89.8'),
('8338','SUAVIZANTE SUAVE AIRES BAMBU X 900ML 257','101.86'),
('8339','SUAVIZANTE SUAVE CARICIAS ALG X900ML 258','101.86'),
('8340','SUAVIZANTE ZORRO FLOR SIL-ALG X900ML 241','102.83'),
('8341','SUAVIZANTE ZORRO ROSAS-FLOR BX900ML 242','96.1'),
('8342','SUAVIZANTE ZORRO JARD GERANIO X900ML 243','90.66'),
('8343','SH PLUSBELLE BRILLO X 1 LT 857','120.8'),
('8344','SH PLUSBELLE FRESCURA X 1 LT 858','120.8'),
('8345','SH PLUSBELLE SUAVIDAD X 1 LT 859','120.8'),
('8346','SH PLUSBELLE ANTIOXIDANTE X 1 LT 861','118.7'),
('8347','SH PLUSBELLE DETOX X 1 LT 862','118.7'),
('8348','SH PLUSBELLE PROTECCION X 1 LT 864','118.7'),
('8349','SH PLUSBELLE HIDRATACION X 1 LT 866','118.7'),
('8350','SH PLUSBELLE CONTROL FRIZZ X 1LT 880','136.96'),
('8351','SH PLUSBELLE RESTAURACION X 1 LT 881','134.58'),
('8352','SH PLUSBELLE LARGO SALUDABLE X1L 882','136.96'),
('8353','ENJ PLUSBELLE BRILLO X 1 LT 868','120.8'),
('8354','ENJ PLUSBELLE FRESCURA X 1L 869','120.8'),
('8355','ENJ PLUSBELLE SUAVIDAD X 1L 870','111.98'),
('8356','ENJ PLUSBELLE ANTIOXIDANTE X 1L 872','111.98'),
('8357','ENJ PLUSBELLE DETOX X 1L 873','110.12'),
('8358','ENJ PLUSBELLE PROTECCION X 1L 875','111.98'),
('8359','ENJ PLUSBELLE DOCILIDAD X 1L 888','111.98'),
('8360','ENJ PLUSBELLE BALANCE X 1L 889','120.8'),
('8361','ENJ PLUSBELLE HIDRATACION X 1L 877','111.98'),
('8362','ENJ PLUSBELLE RESTAURACION X 1L 884','144'),
('8363','ENJ PLUSBELLE LARGO SALUDABLE X 1L 885','144'),
('8364','SHAM PLUSBELLE KIDS FUERZA+VIT X750ML805','175.04'),
('8365','SHAM PLUSBELLE KIDS PROTECCION X750ML808','175.04'),
('8366','ENJ PLUSBELLE KIDS FUERZA+VITAL X 750 ML','175.04'),
('8367','ENJ PLUSBELLE KIDS PROTECCION X750ML 814','149.8'),
('8368','JAB LIMOL PUREZA CREMOSA 3 X 90 GR 914','54.23'),
('8369','JAB LIMOL VITALIDAD CITRICA 3 X 90G 915','65.2'),
('8370','JAB LIMOL BOUQUET DE FLORES 3 X 90G 916','65.2'),
('8371','JAB CAMPOS VERDES PAUSA CAMPO X 120G 930','32.59'),
('8372','JAB CAMPOS VERDES ENERGIA SOL X120G 931','32.59'),
('8373','JAB CAMPOS VERDES FRESC LIBER X120G 932','32.59'),
('8374','JAB CAMPOS VERDES AROMATERAPIA X120G 933','32.59'),
('8375','JAB CAMPOS VERDES PAUSA CAMPO 3X120G 934','98.75'),
('8376','JAB CAMPOS VERDES ENERGIA SOL 3X120G 935','98.75'),
('8377','JAB CAMPOS VERDES FRESC LIBER 3X120G 936','98.75'),
('8378','JAB CAMPOS VERDES AROMATERAPIA 3X120 981','86.26'),
('8379','JAB PLUSBELLE BALANCE X 125 GR 944','41.08'),
('8380','JAB PLUSBELLE RECONEXION X 125 GR 945','38.39'),
('8381','JAB PLUSBELLE NUTRICION X 125 GR 946','41.75'),
('8382','JAB PLUSBELLE RADIANTE X 125 GR 947','41.75'),
('8383','JAB PLUSBELLE HUMECTACION X 125 GR 948','41.75'),
('8384','JAB PLUSBELLE FRESCURA X 125 GR 949','41.75'),
('8385','JAB PLUSBELLE ENERGIA X 125 GR 950','41.75'),
('8386','JAB PLUSBELLE RELAJACION X 125 GR 951','41.75'),
('8387','JAB PLUSBELLE HUMECTACION 3 X 125 GR 952','130.42'),
('8388','JAB PLUSBELLE FRESCURA 3 X 125 GR 953','130.42'),
('8389','JAB PLUSBELLE RELAJACION 3 X 125 GR 954','130.42'),
('8390','JAB PLUSBELLE ENERGIA 3 X 125 GR 955','130.42'),
('8391','JAB PLUSBELLE NUTRICION 3 X 125 GR 956','130.42'),
('8392','JAB PLUSBELLE RADIANTE 3 X 125 GR 957','130.42'),
('8393','DESODORANTE PLUSBELLE BE FREE X 150 207','101.42'),
('8394','ALC EN GEL PORTA X 500 CC','178.06'),
('8395','VINO ESTANCIA MZA MERL-MALB X 1125 CC','222.6'),
('8396','MEGA WATER X 4 UND','1253.29'),
('8397','VINO FOND CAVE RES SAUV BLANCO X 750 CC','355.73'),
('8398','SH PLUSBELLE F. REPARADORA X 1 LT 890','136.96'),
('8399','ENJ PLUSBELLE F. REPARADORA X 1 LT 891','144'),
('8400','ENJ PLUSBELLE NUTRICION X 1 LT -871-','111.98'),
('8401','DESODORANTE PLUSBELLE CARE X 150','93.65'),
('8402','DESODORANTE PLUSBELLE FRESH X 150','93.65'),
('8403','DESODORANTE PLUSBELLE DRY X 150','93.65'),
('8404','DESODORANTE PLUSBELLE ROLL ON CARE X 50','73.32'),
('8410','AROMATIZANTE CS PALMERA CHERRY','69.73'),
('8411','AROMATIZANTE CS PALMERA LAGUNA BREEZE','69.73'),
('8412','AROMATIZANTE CS PALMERA NEW CAR','69.73'),
('8415','AROMATIZANTE REFRESH SPRAY VERY CHERRY','163.06'),
('8420','GALL OKEBON CLASICA X 273 GR','63.8'),
('8421','GALL OKEBON DULCE DE LECHE X 273 GR','65.69'),
('8422','GALL OKEBON MOL NAT AVENA/GRAN X 236GR','84.36'),
('8423','GALL OKEBON PANAL MIEL X 242 GR','69.42'),
('8424','DET ZORRO ULTRA NAR JENG X 300ML 463','59.95'),
('8425','SUAVIZANTE SUAVE VIOL CAMP X 3 L','284.35'),
('8426','SUAVIZANTE ZORRO FLOR SILV Y ALG X 3 L','203.99'),
('8427','SH PLUSBELLE NUTRICION X 1 LT -860-','120.8'),
('8428','SH PLUSBELLE DOCILIDAD X 1 LT -886-','111.98'),
('8429','SH PLUSBELLE BALANCE X 1 LT -887-','120.8'),
('8430','WHISKY JOHNNIE WALKER BLUE X 750+2 VASOS','11356.14'),
('8431','PASTA SECAS INTEGRALES MOSTACHOL','42.58'),
('8432','PASTA SECAS INTEGRALES NIDO ANCHO','42.58'),
('8433','PASTA SECAS INTEGRALES TIRABUZON','42.58'),
('8434','GALL OKEBON PANAL COCO X 242 GR 955','69.42'),
('8435','GALL OKEBON LECHE CHOCOLATADA X 273 GR','65.69'),
('8436','GALL OKEBON MOL NAT AVENA Y CACAO X 240','84.36'),
('8437','GALL OKEBON MOL NAT AVENA Y PASAS X 232','84.36'),
('8438','GALL OKEBON MOL NAT SEMILLAS X 231 GRS','84.36'),
('8439','GALL OKEBON MOL NAT NAR Y CHIPS X 231 G','84.36'),
('8440','JAB BLANCO GRAN FEDERAL C/SUAV 150G','29.83'),
('8441','ENJ PLUSBELLE CONTROL FRIZZ X 1L 883','144'),
('8442','DESODORANTE PLUSBELLE ROLL ON FRESH X 50','76.98'),
('8443','DESODORANTE PLUSBELLE ROLL ON DRY X 50','76.98'),
('8444','HARINA CHACABUCO INTEGRAL FINA X 1 KG','51.68'),
('8445','ACEITE PUREZA GIRASOL X 1.5 LT','290.83'),
('8446','ACEITE PUREZA GIRASOL X 900 ML','90'),
('8447','CAR FLYNN PAFF GOMITAS SURTIDAS X 700 GR','353.23'),
('8448','GALL OKEBON PANAL VAINILLA X 242 GR 955','69.42'),
('8449','GALL MINIPOLVORITAS LIMON X 147 GR','40.02'),
('8450','DR LEMON LIMON X 1 L','144.06'),
('8451','DR LEMON C/VODKA NARANJA X 1 L','144.06'),
('8452','DR LEMON RED BERRY X 1 L','144.06'),
('8453','FERNET BRANCA X 750 CC 175 AÑOS','241.56'),
('8454','VODKA SERNOVA WILD BERRIES X 700 CC','309.7'),
('8455','VODKA SERNOVA FRESH CITRUS X 700 CC','309.7'),
('8456','JAB POLVO ZORRO CLEAR MATIC X 350 G','45.01'),
('8457','JAB POLVO ZORRO CLEAR MATIC X 710 G','95.93'),
('8458','JAB POLVO ZORRO CLEAR MATIC X 2.6 KG','343.67'),
('8459','JAB LIQUIDO ZORRO CLEAR X 710ML 092','109.63'),
('8460','JAB LIQUIDO ZORRO CLEAR X 2.6 LTRS','369.06'),
('8461','PAN RALLADO INTEGRAL PUREZA X 350 GR','57.01'),
('8462','ALF 9 DE ORO MINI X 150 GR','49.38'),
('8463','LAMP LED 10 W LUZ AMARILLA','93.74'),
('8464','HARINA CAÑUELA LEUDANTE X 1 KG','64.78'),
('8465','OBLEA 9 DE ORO VAINILLA X 80 GR','51.04'),
('8466','PRIME PRIDE X 3 UND','136.5'),
('8467','ALF 9 DE ORO MINI X 300 GR','119.1'),
('8468','GALL OKEBON LECHE X 165 GR','41.4'),
('8469','ALC EN GEL PORTA X 90 CC','95.67'),
('8471','CAR SUGUS MAX ARANDANOS 70 X 7.5 GR','208.55'),
('8472','BUDIN DULCE MAMA INGL X 170 GR','47.34'),
('8473','BUDIN DULCE MAMA LIMON X 170 GR','47.34'),
('8474','BUDIN DULCE MAMA MARM X 170 GR','47.34'),
('8475','BUDIN DULCE MAMA VAINILLA X 170 GR','37.17'),
('8476','CIF ORIGINAL 375 GR','61.62'),
('8477','CIF ORIGINAL X 750 GR','135.07'),
('8478','DESODORANTE PATRICHS X 97 GR','97.67'),
('8479','DESODORANTE PATRICHS X 147 GR','92.25'),
('8481','ENJ SEDAL CERAMIDAS X 190 ML','106.54'),
('8483','ENJ SEDAL BOMBA NUTRICION X 190 ML','61.83'),
('8486','SHAM SEDAL CERAMIDAS X 190 ML','106.56'),
('8487','SHAM SEDAL CREMA BALANCE X 190 ML','83'),
('8488','SHAM SEDAL BOMBA NUTRICION X 190 ML','95.58'),
('8492','SAVORA MOSTAZA ORIGINAL X 250 GR','66.72'),
('8493','MAYONESA HELLMANNS X 237 GR','78.23'),
('8494','MAYONESA HELLMANNS SCHET 20 X 118 GR','784.09'),
('8495','DESODORANTE IMPULSE X 96 GR','111.77'),
('8496','SAL DINO CON PIMIENTA/AJO X 378 GR','136.62'),
('8497','RAZA PERROS CARNE C/PROBIOTICOS X 21 KG','2192.21'),
('8498','RAZA PERROS AD CARNE Y MIX VEGET X 21 KG','2192.21'),
('8499','RAZA GATOS PESCADO OMEGA 3Y6 X 10 KG','1361.82'),
('8500','RAZA BOCADITOS BLANDO PERRO CARNE X 65GR','61.82'),
('8501','RAZA BOCADITOS BLANDO PERRO POLLO X 65GR','61.82'),
('8502','RAZA PALITOS BLANDOS PERROS JAMON X 65GR','61.82'),
('8503','RAZA PALITOS BLAND PERROS CAR Y LEC X 65','61.82'),
('8504','RAZA TIRITAS BLANDAS GATOS CARNE X 50 GR','61.82'),
('8505','MAYONESA FANACOA X 237 GR','30.41'),
('8506','MAYONESA FANACOA X 475 GR','53.68'),
('8507','MAYONESA HELLMANNS X 475 GR','124.48'),
('8508','CALDO KNORR COND HORNO ROM/TOM X 21 GR','56.97'),
('8509','CALDO KNORR COND HORNO H Y ESP X 21 GR','56.97'),
('8510','CALDO KNORR COND HORNO LIMON/OREG X 21GR','65.68'),
('8511','CALDO KNORR COND HORNO CEB/AJO X 21 GR','56.97'),
('8512','CALDO KNORR CUBO VERDE MENOS SODIO X12GR','61.2'),
('8513','CALDO KNORR CUBO VERDURA 24 X 2 UND','434.24'),
('8514','CALDO KNORR CUBO GALLINA 24 X 2 UND','336.49'),
('8515','CALDO KNORR CUBO VERDURA EST X 12 UND','61.2'),
('8516','CALDO KNORR CUBO GALLINA EST X 12 UND','93.02'),
('8517','SALSA KNORR PIZZA X 340 GR','59.7'),
('8518','SALSA KNORR FILETTO X 340 GRS','72.01'),
('8519','BOLSA MAXICO','30.6'),
('8520','DESODORANTE REXONA MUJER CLINICAL X 67GR','210.16'),
('8521','CHAMP MUMM CUVEE EXTR BRUT 187 CC','150.55'),
('8522','CINTA PYTHON ALTA RESISTENCIA 9 MTS GRIS','343.64'),
('8523','CINTA PYTHON ALTA RESISTENCIA 9 MT NEGRO','343.64'),
('8524','RAZA PERROS AD CARNE Y MIX VEGET X 3 KG','392.69'),
('8525','DESODORANTE REXONA ODORONO ANT/T X 87 G','109.4'),
('8526','CHAMP DOLORES NC EXTRA BRUT X 750 CC','404.04'),
('8527','CHAMP DOLORES NC ROSE X 750 CC','404.04'),
('8528','CHAMP DOLORES NC DULCE X 750 CC','404.04'),
('8529','VINO DADA ESPUMANTE SWEET LATA X 355 CC','102.76'),
('8530','VINO DADA ESPUMANTE SWEET PINK LATAX355','102.76'),
('8531','GALL GALLO CRACKEADAS X 100 GR','63.61'),
('8532','JABON REXONA 3 X 90 GR','97.2'),
('8533','JABON REXONA ACTIVE 3 X 125 GR','157.56'),
('8534','BIZCOCHOS MEDIA TARDE DE GRASA X 180 GR','34.85'),
('8535','BIZCOCHOS MEDIA TARDE AZUCARADOS X 180GR','25.27'),
('8536','ACEITE CAÑUELAS GIRASOL OLEICO X 1.5 LT','223.68'),
('8537','RAZA PALITOS BLANDOS PERROS JAMON X 500G','327.67'),
('8538','GALL 9 DE ORO CHATITAS INTEGRALES X140G','44.32'),
('8540','OBLEA 9 DE ORO NAR VAI FRU X 50 GR','25.12'),
('8541','VINO ALMA MORA CHARDONAY X 375 CC','130.7'),
('8542','SIDRA TUNUYAN X 710 CC','135.53'),
('8543','VODKA SKYY COCONUT X 750 CC','432.18'),
('8544','OBLEA TITA 12 X 18 GR','215.73'),
('8545','RAZA PERROS CARNE C/PROBIOTICOS X 15 KG','1623.83'),
('8546','RAZA PERROS AD CARNE Y MIX VEGET X 15 KG','1623.83'),
('8547','WHISKY JOHNNIE WALKER RED ICON X700CC','1061.52'),
('8548','FRIZZE ITALIAN LIMONATA X 1 LT','139.61'),
('8549','COMBO MAXX MIXTA TUBO 12X3 + 15 ENC S/C','854.21'),
('8550','WHISKY JOHNNIE WALKER BLACK ICON X700 CC','2526.08'),
('8551','VODKA KOVAC X 750 CC','223.93'),
('8552','TOST PASEO CLASICA X 200 GR','72.66'),
('8553','TOST PASEO DULCES X 200 GR','72.66'),
('8554','TOST PASEO LIGHT X 200 GR','72.66'),
('8555','TOST PASEO SALVADO X 200 GR','72.66'),
('8556','GALL DULCE MAMA PEPAS X 350 GR','57.1'),
('8557','GALL DULCE MAMA PEPAS X 200 GR','23.42'),
('8558','JABON SUAVE X 90 GR','23.03'),
('8559','BAILEYS SALTED CARAMEL X 750 CC','1326.9'),
('8560','ATUN NOEL DESMENUZADO NATURAL X 170 GR','172.12'),
('8561','KETCHUP HELLMANNS X 250 GR','108.42'),
('8562','CHIMICHURRI HALCONERO X 500 CC','97.81'),
('8564','COPOS DE MAIZ AZUC TRES ARROYOS X 4 KG','795.11'),
('8565','COPOS DE MAIZ CHOC TRES ARROYOS X 4 KG','537.11'),
('8566','COPOS DE MAIZ FRUTILLA TRES ARROYOS X 4K','665'),
('8567','COPOS DE MAIZ NAT TRES ARROYOS X 150 GR','40.01'),
('8568','COPOS DE MAIZ NAT TRES ARROYOS X 400 GR','58.88'),
('8569','COPOS DE MAIZ AZUC TRES ARROYOS X 200 GR','55.73'),
('8570','COPOS DE MAIZ AZUC TRES ARROYOS X 500 GR','97.62'),
('8571','REB CROCANTE TRES ARROYOS X 350 GR','63.79'),
('8572','AVENA TRADICIONAL TRES ARROYOS X 800 GR','122.71'),
('8573','RON APPLETON 4 AÑOS X 750 CC','1517.54'),
('8574','WHISKY WILD TURKEY HONEY X 750 CC','1338.89'),
('8575','WHISKY WILD TURKEY 101 X 750 CC','1605.57'),
('8576','LICOR GRAND MARNIER X 700 ML','1489.68'),
('8577','LICOR FRANGELICO X 700 ML','1229.15'),
('8578','GIN BEEFEATER 24 LONDON DRY X 750 CC','2820.23'),
('8579','GIN BEEFEATER PINK X 700 CC','1400.86'),
('8580','GATILLO P/BAÑO ZORRO X 500 ML','80.24'),
('8581','VINO DADA ESPUMANTE MARACUYA X 750 CC','364.6'),
('8582','RON BACARDI LATA COLA X 310 CC','146.37'),
('8583','RON BACARDI LATA MOJITO X 310 CC','146.37'),
('8584','DURAZNO CANALE MITADES X 820 GR','210.92'),
('8585','CINTA DE EMBALAR TRANSP CANDELA  X 41 MT','63.64'),
('8586','BOLIGRAFO CANDELA AZUL X 50 UND','333.08'),
('8587','BOLIGRAFO CANDELA NEGRA X 50 UND','333.08'),
('8588','FUYI TABLETAS X 16 UND','123.71'),
('8589','GIN BULLDOG LONDON DRY X 700 CC','1944.73'),
('8590','WHISKY WILD TURKEY X 750 CC','1338.89'),
('8592','PILA MAX PLUS E91 BP2 AA ALCAL X 2 UND','115.84'),
('8593','FUYI REPELENTE AEROSOL X 165 CC','104.77'),
('8594','OFF CREMA X 200 CC','128.64'),
('8595','COPOS DE MAIZ MIEL TRES ARROYOS X 3.5 KG','519.5'),
('8596','AVENA TRADICIONAL TRES ARROYOS X 400 GR','87.82'),
('8597','BIZCOCHOS CACHAMAI CLASICO X180 GR','37.82'),
('8598','BIZCOCHOS CACHAMAI ROMERO X180 GR','37.82'),
('8599','HARINA DE MAIZ NOEL X 500 GR','24.54'),
('8600','GIN BOTANICO X 500 CC','911.12'),
('8601','GIN BOTANICO REPOSADO X 500 CC','911.12'),
('8602','GIN BOTANICO PINK X 500 CC','911.12'),
('8603','HT KIDS C/ROCIADOR F50 X 240 ML','723.7'),
('8605','BANANA BOAT SPRAY F50 X 170 ML','650.42'),
('8606','HUEVO CABSHA 60 X 8 GR','500.03'),
('8607','HUEVO MISKY THE SIMPSON DOYPAK X 100 G','354.76'),
('8612','CALDO WILDE CUBO VERDURA X 12','46.14'),
('8613','LAMP LED 12 W LUZ BLANCA','95.02'),
('8614','TURRON DE MANI NAMUR X 25 GR','13.64'),
('8615','BOM MILKA OREO 13 X 19 GR','240.86'),
('8616','ZORRO CREMOSO CLASICO X 500 ML','67.73'),
('8617','ANTIGRASA COCINA ZORRO GATILLO X 500 ML','144.43'),
('8618','ANTIGRASA COCINA ZORRO DOYPACK X 500 ML','38.28'),
('8619','VIDRIOS MULTIUSO ZORRO DOYPACK X 500 ML','38.28'),
('8620','BAÑO ZORRO DOYPACK X 500','38.28'),
('8621','GOMITAS GUMMI ZONE BURGER 24 X 9 GR','419.1'),
('8622','GOMITAS GUMMI ZONE DOGGIE 24 X 9 GR','419.1'),
('8623','GOMITAS GUMMI ZONE PIZZA 24 X 15 GR','786.34'),
('8624','RAID CASA Y JARDIN X 360 CC','156.65'),
('8625','RAID TABLETAS X 12 UND','137.87'),
('8626','SHERIDANS X 750 CC','1706.02'),
('8627','TOMATE NOEL PURE TETRA X 210 GR','35.08'),
('8628','DR LEMON C/VODKA POMELO X 473 CC','75.19'),
('8629','GIN BOLS CITRIC X 750 CC','242.86'),
('8630','GIN BOLS HERBAL X 750 CC','242.86'),
('8631','GIN BOLS PINK X 750 CC','242.86'),
('8632','ZORRO CREMOSO CITRICO X 500 ML','64.34'),
('8634','POSTRE DE MANI LHERITIER X 100 GR','37.67'),
('8635','CHUP PICO DULCE VASO X 10 UND','118.13'),
('8636','BOC LHERITIER DULCE DE LECHE X 52 UND','210.8'),
('8637','BARRA MANI C/CROCANTE DE ARROZ 12X 30 GR','157.57'),
('8638','GIN MONKEY 47 X 500 CC','4057.01'),
('8639','WHISKY THE GLENLIVET 15 AÑOS X 700 CC','4968.12'),
('8640','WHISKY THE GLENLIVET 18 AÑOS X 700 CC','6320.52'),
('8641','GALL PASEO MINI CHATITAS BARBACOA X115GR','56.5'),
('8642','HARINA RIERA 000 ORGANICA X 1 KG','92'),
('8643','ENC CANDELA TRANS X 25 + 1 CINTA EMB S/C','449.08'),
('8644','GALL PASEO MINI CHATITAS CHEDDAR X 115GR','56.5'),
('8645','GALL PASEO MINI CHATITAS PIZZA X 115 GR','56.5'),
('8646','CYNAR 70 PROOF X 750 CC','387.56'),
('8647','YERBA MATE ROSAMONTE X 1 KG','317.98'),
('8648','YERBA MATE ROSAMONTE X 500 GR','167.98'),
('8649','YERBA MATE ROSAMONTE ESPECIAL X 1 KG','361.64'),
('8650','YERBA MATE ROSAMONTE ESPECIAL X 500 GR','190.72'),
('8651','YERBA MATE ROSAMONTE SUAVE X 1 KG','361.16'),
('8652','YERBA MATE ROSAMONTE SUAVE X 500 GR','191.28'),
('8653','CALDO KNORR CUBO VERDURA EST X 12','93.02'),
('8654','HARINA CHACABUCO SEMOLIN X 1 KG','81.05'),
('8655','CHUP BABY DOLL SORPRESA X 12 UND','581.21'),
('8656','ENJ SEDAL CERAMIDAS DOYPACK X 120 ML','117.78'),
('8657','SHAM SEDAL CERAMIDAS DOYPACK X 120 ML','117.78'),
('8658','SHAMPOO ARMOR ALL P/AUTO C/CERA X 473 ML','290.63'),
('8660','GALL HOGARENAS SALVADO 3 X 200 GR','134.2'),
('8661','DR LEMON GIN TONIC LATA X 310 CC','75.19'),
('8663','JABON LIQ AVAL DOYPACK LIM HID X 250 ML','67.4'),
('8665','JABON LIQ AVAL DOYPACK FRES INT X 250 ML','67.4'),
('8668','JABON LIQ PB DOYPACK RECONEXION X 250 ML','79.78'),
('8669','JABON LIQ PB DOYPACK BALANCE X 250 ML','79.78'),
('8670','WHISKY SINGLETON 12 AÑOS X 700 CC','2754.73'),
('8671','FUYI TABLETAS X 12 UND','136.38'),
('8672','TAB MISKY CHOCOLATE LECHE 20 X 8 GR','190.82'),
('8673','CERVEZA SANTA FE X 473 CC','92.51'),
('8674','CERVEZA SANTA FE PILSEN X 473 CC','101.76'),
('8675','CERVEZA SCHNEIDER X 473 CC','63.05'),
('8676','CERVEZA SCHNEIDER NEGRA X 473 CC','92.51'),
('8677','CERVEZA SCHNEIDER ROJA X 473 CC','69.05'),
('8678','CERVEZA HEINEKEN X 710 CC','216.91'),
('8679','CERVEZA HEINEKEN X 473 CC','140.35'),
('8680','CERVEZA HEINEKEN X 330 CC','83.59'),
('8681','CERVEZA MILLER RUB BOT X 355 CC','59.92'),
('8682','CERVEZA MILLER RUB X 710 CC','128.6'),
('8683','CERVEZA MILLER X 473 CC','81.06'),
('8684','CERVEZA ISENBECK X 473 CC','53.34'),
('8685','CERVEZA IMPERIAL RUB X 473 CC','59.51'),
('8686','CERVEZA IMPERIAL GOLDEN X 473 CC','108.46'),
('8687','CERVEZA IMPERIAL CREAM STOUT X 473 CC','71.41'),
('8688','CERVEZA IMPERIAL AMBER LAGER X 473 CC','71.41'),
('8689','CERVEZA IMPERIAL APA X 473 CC','127.6'),
('8690','CERVEZA IMPERIAL IPA X 473 CC','127.6'),
('8691','CERVEZA IMPERIAL RUB X 710 CC','128.6'),
('8693','CERVEZA AMSTEL LAGER X 473 CC','77.04'),
('8695','CERVEZA GROLSH X 473 CC','140.35'),
('8696','CERVEZA WARSTEINER RUB X 473 CC','121.21'),
('8697','CERVEZA SOL X 330 CC','78.43'),
('8698','CERVEZA SOL X 473 CC','140.35'),
('8701','CERVEZA BLUE MOON BOT X 355 CC','119.58'),
('8702','GALL PASEO MINI CHATITAS GUACAMOL X115GR','56.5'),
('8703','ENJ PLUSBELLE KIDS PROTECCION X350ML','31.99'),
('8704','QUITAMANCHAS LIQ. ZORRO X 450ML','60.84'),
('8705','CAR MISKY CAFE X 675 GR','413.16'),
('8709','PURE DE PAPAS LISTO KNORR X 200 GR','106.9'),
('8710','MAYONESA HELLMANNS LIGHT X 475 GR','134.09'),
('8711','MAYONESA HELLMANNS LIGHT X 237 GR','70.44'),
('8712','ENJ DOVE RECONSTRUCCION COMPLETA X 200 M','116.68'),
('8713','SHAM DOVE RECONSTRUCCION COMP X 200 M','116.68'),
('8714','SHAM DOVE OLEO NUTRICION X 200 ML','122.29'),
('8715','ENJ DOVE OLEO NUTRICION X 200 ML','122.29'),
('8716','ENJ DOVE HIDRATACION INTENSA X 200 ML','125.57'),
('8717','SHAM DOVE RITUAL DE REPARACION X 200 ML','116.68'),
('8718','VINO DADA BLEND 1 MALBEC/CABER X 750','297.32'),
('8719','VINO DADA BLEND 2 MALBEC/TEMPRANI X 750','238.04'),
('8720','VINO DADA BLEND 3 MALBEC/SANGIOVES X 750','238.04'),
('8721','GOMITAS FRUTIGELATIN TRUITOS 12X25GR','139.93'),
('8722','CHORITOS AL NATURAL X 190 GR','200.29'),
('8723','CHORITOS EN ACEITE X 190 GR','200.29'),
('8724','COCA COLA X 1 LT','103.74'),
('8725','COCA COLA X 1.5 LT','133.01'),
('8726','COCA COLA SIN AZUCAR X 1.5 LT','133.01'),
('8727','FANTA NARANJA 1.5 LT','133.01'),
('8728','SPRITE X 1.5 LT','137.97'),
('8729','SPRITE SIN AZUCAR 1.5 LT','130.16'),
('8730','SCHWEPPES TONICA X 1.5 LT','133.01'),
('8731','SCHWEPPES POMELO S/AZUCAR X 1.5 LT','137.97'),
('8732','SCHWEPPES CITRUS X 1.5 LT','133.01'),
('8733','COCA COLA 500 CC','65.68'),
('8734','FANTA NARANJA  500 CC','65.68'),
('8735','SPRITE X 500 CC','68.06'),
('8736','POWERADE FRUTOS TROPICALES X 500 CC','83.64'),
('8737','POWERADE MANZANA X 500 CC','83.64'),
('8738','POWERADE MOUNTAIN BLAST X 500 CC','83.64'),
('8739','COCA COLA LATA X 310 CC','52.54'),
('8740','MONSTER ENERGY ULTRA X 473 CC','118.22'),
('8741','MONSTER ENERGY GREEN X 473 CC','117.68'),
('8742','MONSTER ENERGY MANGO LOCO X 473 CC','117.68'),
('8743','TAB MISKY CHOCOLATE BLANCO 20 X 8 GR','190.82'),
('8744','GOMITAS FRUTIGELATIN SAURIOS 12 X 25 GR','139.93'),
('8750','BARBIJOS QUIRURGICOS OKR X 50 UND','763.14'),
('8752','COCA COLA LIGHT PET X 500','59.11'),
('8753','POWERADE NARANJA X 500 CC','83.64'),
('8754','POWERADE MOUNTAIN BLAST X 995 CC','106.44'),
('8755','VINO TORO TINTO X 1.125 LT','189'),
('8756','ENDULZANTE DIETETICO LHERITIER X 350GR','74.7'),
('8757','ENDULZANTE STEVIA EL POCILLO X 180 ML','111.37'),
('8758','ENDULZANTE CLASICO EL POCILLO X 180 ML','65.69'),
('8759','JAB COMPACTO ZORRO ANTIBACT X 150G 242','30.94'),
('8760','QUITAMANCHAS LIQ. ZORRO GATILLO X 500 ML','140.81'),
('8761','WHISKY GRANTS TRIPLE WOOD X 750 CC','1307.63'),
('8762','WHISKY GRANTS ALE CASK X 750 CC','1672.36'),
('8763','WHISKY GLENFIDDICH 12 AÑOS X 750 CC','4885.75'),
('8764','WHISKY MONKEY SHOULDER BLEND X 750 CC','4380.04'),
('8765','WHISKY JIM BEAM WHITE LABEL X 750 CC','1767.66'),
('8766','COCA COLA LIGHT X 1.5 LT','125.61'),
('8767','WHISKY JIM BEAM BLACK X 750 CC','2826.88'),
('8768','WHISKY JIM BEAM HONEY X 750 CC','1767.66'),
('8769','WHISKY MAKERS MARK BOURBON X 750 CC','3673.82'),
('8770','WHISKY JIM BEAM VAINILLA X 750 CC','1767.66'),
('8771','WHISKY TULLAMORE D.E.W ORIG X 750 CC','2047.78'),
('8772','GIN HENDRICKS 700 CC','4086.84'),
('8773','GIN LARIOS X 700 CC','980.89'),
('8774','CACHAZA PITU X 1LT','601.81'),
('8775','BRANDY AMARETTO DISARONNO X 700CC','1971'),
('8776','LICOR CONTREAU X 700CC','2534.3'),
('8777','RON NEGRITA DORADO X 1LT','1093.38'),
('8778','WHISKY SIR EDWARDS X 700 CC','916.44'),
('8779','BRANDY BARDINET NAPOLEON X 700CC','1036.1'),
('8780','BRANDY SOBERANO X 700CC','1689.52'),
('8781','CACHAZA VELHO BARREIRO X 910CC','483.64'),
('8782','ENC CANDELA HOGAR CLASICO','141.59'),
('8783','ENC CANDELA HOGAR EXTENSIBLE','115.51'),
('8784','ENC CANDELA HOGAR FLEX','160.22'),
('8787','LINT RAYOVAC HIBRIDA 19LED 220+3AA','1394.17'),
('8788','LINT RAYOVAC RECARGABLE SUPER LED','670.09'),
('8789','LINT RAYOVAC RECARGABLE BIG LED 1W','793.74'),
('8790','LINT RAYOVAC 2AA LED BLISTER','265.44'),
('8791','PILA D VARTA X 12 UNI','509.69'),
('8792','PILA D RAYOVAC 813-2LA X 2 UND','341.21'),
('8794','PILA AA RAYOVAC 815-10MBLA X 10 UND','489.04'),
('8795','PILA AA RAYOVAC 815-4LA  X 4 UND','174.83'),
('8796','PILA AAA RAYOVAC 824-10MBLA  X 10 UND','598.76'),
('8797','PILA AAA RAYOVAC 824-4LA X 4 UND','239.32'),
('8800','PILA PARA AUDIFONO RAYOVAC A312 X 6 UND','293.9'),
('8802','JAB BLANCO GRAN FEDERAL ROP DEL 150G 250','29.83'),
('8803','SCHWEPPES TONICA LATA X 310 CC','52.42'),
('8804','FANTA NARANJA  LATA X 310 CC','52.54'),
('8805','SPRITE LATA X 310 CC','54.45'),
('8806','SCHWEPPES POMELO S/AZUC LATA X 310 CC','54.45'),
('8807','ATUN NOEL DESMENUZADO ACEITE X 170 GR','100.4'),
('8808','CATY HOUSE X 8 UND','1443.35'),
('8809','CHIC BUBBLE ROLL X 8 UND','1151.34'),
('8810','VINO LA GRAN NACHA SYRAH X 750 CC','267.8'),
('8811','CHIC BELDENT INFINIT BLUEBERRY 15X7 UND','463.86'),
('8813','SUPER OBLEA MARROC 9 DE ORO X 300 GR','241.9'),
('8814','VINO JUNIOR MALBEC X 750 CC','240.25'),
('8815','VINO JUNIOR BLEND X 750 CC','240.25'),
('8816','SHAM PLUSBELLE BIO REPARACION X 1 L 917','120.8'),
('8817','CHUP BOLA LOCA DCE/LECHE LHERITIER 24X16','128.99'),
('8818','MEET HS LIMA X 310 CC','67.15'),
('8819','MEET HS MANGO X 310 CC','67.15'),
('8820','HARINA PUREZA INTEGRAL LEUDANTE X 1 KG','77.87'),
('8821','HARINA PUREZA INTEGRAL C/ LEVADURA X 1KG','82.44'),
('8822','GALL PAR-NOR BARRITAS MEMBRILLO X 300 GR','87.97'),
('8823','GALL PAR-NOR BARRITAS MEMBRILLO X 160 GR','48.92'),
('8824','ARROZ LARGO FINO CAÑUELAS X 500GR','47.82'),
('8825','WHISKY JAMESON BLACK BARREL X 750 CC','2532.91'),
('8826','WHISKY JAMESON CASKMATES IPA X 750 CC','1489.68'),
('8828','PAST TIC TAC MIX FRUTAS X 12 UND','434.44'),
('8829','NUEZ MOSC MOLIDA ALICANTE 10 X 25 G','715.06'),
('8837','WHISKY JOHNNIE WALKER BLUE LABEL X 750CC','15639.62'),
('8839','VINO NOLITA CHARDONAY PERA X 750','82.46'),
('8840','VINO NOLITA SAUVIGNON MARACUYA X 750','105.27'),
('8841','VINO SAN TELMO CHARDONNAY X 750 CC','172.13'),
('8843','CAR FLYNN PAFF XXL TUTTI 24X30 GR','368.86'),
('8844','ENC CANDELA ELECT. BLACK X 10 UND','387.76'),
('8848','TOST RIERA DE ARROZ X 150 GR','71.56'),
('8849','CHAMP NAV.CORR DULCE X 750 CC','186.83'),
('8850','VINO ALMA MORA MALBEC X 375 CC','115.82'),
('8851','VINO NAV CORREAS RESERVA MALBEC X 750 CC','239.02'),
('8856','LINT. ENERG. GOMA 2AAA (RBR222)','577.09'),
('8858','LINT  ENERG. TOUCH TECH (ENTHH21E)','656.86'),
('8860','SAPITO EXHIBIDOR SURTIDO 48 X 10 GR','333.31'),
('8864','PRIME MIXTA 12 + 4 S/C OFERTA','1120.49'),
('8872','VINO RESERO TINTO X 700 CC','28.12'),
('8873','VINO RESERO TINTO TETRA X 1000 CC','32.93'),
('8875','VINO CANCILLER MALBEC X 750 CC','71.94'),
('8876','VINO CANCILLER CABENET X 750 CC','71.94'),
('8877','VINO CANCILLER MERLOT-SYRAH-MALB X 750 C','54.85'),
('8878','VINO CANCILLER CHEN-TORR-CHARD X 750 CC','54.85'),
('8879','VINO CANCILLER CHARDONNAY X 750 CC','71.94'),
('8880','VINO RESERO TINTO X 1125 CC','47.42'),
('8881','VINO ESTANCIA MZA MERL-MALB X 750 CC','166.84'),
('8882','VINO ESTANCIA MZA CHARD-CHENIN X 750 CC','166.84'),
('8883','VINO ESTANCIA MZA MALBEC X 750 CC','195.02'),
('8884','VINO ESTANCIA MZA CABERNET X 750 CC','195.02'),
('8885','VINO ESTANCIA MZA CHARDONNAY X 750 CC','195.02'),
('8886','VINO ESTANCIA MZA CABERNET-MALB X 750 CC','166.84'),
('8887','VINO MOSCATO PROMESA X 700 CC','66.39'),
('8891','ALF CHOCO ARROZ  DDL 6 X 20 GR','136.55'),
('8893','VINO DILEMA BLANCO DULCE NAT X 750 CC','240.04'),
('8894','VINO DILEMA ROSADO DULCE NAT 750 CC','240.04'),
('8895','VINO ESTANCIA MZA EXTRA BRUT X 750CC','301.18'),
('8898','VINO TORO TINTO 930 CC','101.41'),
('8899','VINO TORO TINTO TETRA X 1 LT','112.64'),
('8900','VINO TORO BLANCO TETRA X 1 LT','112.64'),
('8901','VINO NATIVO TINTO TETRA X 1 LT','101.78'),
('8902','VINO NATIVO BLANCO TETRA X 1 LT','101.78'),
('8903','VINO TORO VIEJO TINTO X 700 CC','121.42'),
('8904','VINO TORO VIEJO BLANCO X 700 CC','111.73'),
('8905','VINO TORO VIEJO BONARDA-SYRAH X 750 CC','140.98'),
('8906','VINO TORO VIEJO BONARDA-SYRAH X 1.125 LT','190.96'),
('8907','VINO TORO VIEJO SYRAH-MALBEC X 1.125 LT','190.96'),
('8908','VINO TORO VIEJO SYRAH-MALBEC X 750 CC','140.98'),
('8909','VINO CENTENARIO MALBEC X 750 CC','140.88'),
('8910','VINO CENTENARIO CABERNET X 750 CC','140.88'),
('8911','VINO CENTENARIO TEMPRANILLO X 750 CC','140.88'),
('8912','VINO CENTENARIO CHARDONNAY X 750 CC','124.64'),
('8913','GALL OREO REGULAR X 181 GR','112.87'),
('8914','VINO ESTANCIA MZA CHARD-CHENIN DUL 750CC','166.84'),
('8915','GALL OREO MILKSHAKE DE FRUTILLA X 117 GR','40.85'),
('8917','GALL FORMIS CHOC/DCE LECHE X 72 GR','24.85'),
('8918','GALL FORMIS VAI/CHOCO X 72 GR','24.85'),
('8919','BITTER PIMMS X 750 CC','478.7'),
('8920','GIN GORDONS X 700 CC','625.06'),
('8922','CAR MISKY ROLL 24 X 35 GR','277.97'),
('8925','CONEJO PASCUA FERRERO X 100 GR','256.03'),
('8926','VINO ARIZU BLANCO TETRA X 1000 CC','26.86'),
('8932','CHOC AGUILA BARRITA 24 X 14 GR','449.64'),
('8933','CHOC COFLER AIREADO BCO/LECHE X 100 GR','130.6'),
('8934','CHOC COFLER AIREADO LECHE X 100 GR','148.7'),
('8935','CHOC COFLER AIREADO BCO/LECHE X 55 GR','91.97'),
('8936','CHOC COFLER AIREADO BLANCO X 55 GR','90.44'),
('8937','CHOC COFLER BLOCK X 170 GR','210.86'),
('8938','CHOC COFLER BLOCK X 300 GR','369.18'),
('8939','ALF TOFI TRIPLE NEGRO X 73 GR','69.49'),
('8944','TAB MILKA LECHE X 150 GR','193.21'),
('8957','CHOC COFLER BLANCO Y COOKIES X 55 GR','85.96'),
('8958','BOM HAMLET BLANCO 390 GR','180.74'),
('8960','WHISKY JOHNNIE WALKER GOLD RESERV X750CC','4361.23'),
('8961','PAST PEZ TROLLS','115.7'),
('8967','PREM NANI P/PAN X 500 GR','110.54'),
('8968','REB NANI X 300 GR','64.14'),
('8973','VINO ARIZU TINTO TETRA X 1000 CC','32.72'),
('8974','VINO ZUMUVA TINTO TETRA X 1000 CC','37.93'),
('8975','VINO LOS INTOCABLES CAB. SAUV. X 750 CC','553.15'),
('8976','VINO LOS INTOCABLES MALBEC X 750 CC','553.15'),
('8979','VINO FOND CAVE RES CHARDONNAY X 750 CC','220.4'),
('8980','DR LEMON C/VODKA POMELO X 1 L','144.06'),
('8981','PRIME STRONGER X 3 UND','131.27'),
('8987','TAB HAMLET MEGAMANI X 165 GR','100.2'),
('8989','PREM MAMA COCINA BIZ CHOC X 540 GR','117.16'),
('8990','PREM MAMA COCINA BIZ LIMON X 540 GR','94.16'),
('8991','PREM MAMA COCINA BIZ VAINILLA X 540 GR','94.16'),
('8994','VINO FINCA LAS MORAS GRAN SYRAH X 750 CC','605.72'),
('8997','VINO TORO VIEJO TINTO X 1125 CC','160.54'),
('9004','GALL 9 DE ORO PEPA MEMBRILLO X 200 GR','47.34'),
('9005','GALL 9 DE ORO SCONS X 180 GR','56.83'),
('9006','VINO FOND CAVE MALBEC X 500 CC','243.45'),
('9007','VODKA SMIRNOFF WATER MELON X 700 CC','458.05'),
('9008','WHISKY TALISKER 10 AÑOS x 750 CC','4525.33'),
('9009','WHISKY CARDHU 12 AÑOS x 700 CC','4683.06'),
('9011','LINT COMP. LANT. 240 LUM (ENFCL41E)','974.62'),
('9016','GALL 9 DE ORO PEPA MEMBRILLO X 380 GR','89.57'),
('9017','WHISKY BULLEIT X 700 CC','2099.96'),
('9018','WHISKY JOHNNIE WALKER SWING X 750 CC','4501.9'),
('9020','VINO TRAPICHE RESERVA SYRAH X 500 CC','107.57'),
('9021','VINO DADA I X 375 CC','110.04'),
('9025','PAST SPORT POP X 6 U','836.41'),
('9028','VINO CANCILLER BONAR-SYR-MALB X 750 CC','54.85'),
('9029','VINO CANCILLER TEMPR-MERL-CAB X 750 CC','54.85'),
('9030','PREM MAMA COCINA BIZ S/AZUC VAI X 450 GR','70.49'),
('9031','FLAN NOEL DULCE DE LECHE 8 X 30 GR','207.08'),
('9034','CHOCOFIGU EMOJI 60 X 5 GR','861.46'),
('9035','PREM MAMA COCINA BIZ S/AZUC CHOC X 450 G','70.49'),
('9037','GALL MANA CHOC RELLENA VAINILLA X 165 GR','66.05'),
('9039','WHISKY J&B HONEY X 700 CC','399.08'),
('9040','BAILEYS EXPRESSO CREME X 750 CC','912.6'),
('9042','SAL DINO CON PIMIENTA/LIMON X 378 GR','81.56'),
('9049','GEL NOEL CEREZA 8 X 30 GR','371.88'),
('9050','GEL NOEL FRUTILLA 8 X 30 GR','371.88'),
('9051','VINO RETO CABERNET X 750 CC','272.1'),
('9052','VINO RETO BLEND X 750 CC','133.09'),
('9053','VINO RETO CHARDONNAY X 750 CC','131.9'),
('9055','VINO VICENTIN BLANC DE MALBEC X 750 CC','164.17'),
('9056','VINO VICENTIN ARROGANTE MALBEC X 750 CC','316.91'),
('9057','VINO VICENTIN TRES SUCIOS RENEGADO X 750','294.23'),
('9058','VINO VICENTIN TRES SUCIOS TRAMPOSO X 750','294.23'),
('9059','VINO VICENTIN ESPUMANTE ROSADO X 750 CC','229.78'),
('9060','VINO VICENTIN ESPUMANTE DORADO X 750 CC','229.78'),
('9061','VINO SOTTANO MALBEC X 750 CC','164.17'),
('9063','VINO SOTTANO MERLOT X 750 CC','161.74'),
('9064','VINO SOTTANO BLEND X 750 CC','161.74'),
('9065','VINO SOTTANO SEL TORRONTES X 750 CC','149.8'),
('9067','VINO SOTTANO RESERVA MALBEC X 750 CC','281.11'),
('9068','VINO SOTTANO ESPUMANTE EXTRA BRUT X 750','196.35'),
('9074','XTREME BERRY 12 X 25 GR','486.91'),
('9075','XTREME RAINBOW 12 X 25 GR','486.91'),
('9076','XTREME TROPICAL 12 X 25 GR','486.91'),
('9077','VINO RETO MALBEC X 750 CC','272.1'),
('9078','VINO FOND CAVE RES PET VERDOT X 750 CC','425.81'),
('9080','PAST SUPER HERO GIRLS','115.7'),
('9081','FLAN NOEL VAINILLA 8 X 30 GR','207.08'),
('9082','GATORADE POMELO PET X 500 CC','54.92'),
('9083','VINO ALMA MORA RESERVA MALBEC X 750 CC','354.32'),
('9084','VINO ALMA MORA RESERVA CAB SAUV X 750 CC','354.32'),
('9085','GALL 9 DE ORO AVENA MANZ-CANELA X 180 GR','37.26'),
('9086','GALL 9 DE ORO AVENA MIEL X 180 GR','37.26'),
('9087','GALL 9 DE ORO AVENA PASAS X 180 GR','36.65'),
('9090','HT LOCION ZANAHORIA FACTOR 30 X 240 ML','378.95'),
('9091','HT AFTER SUN GEL COOL ICE X 240 ML','309.75'),
('9092','HT BABY LOCION F80 X 240 ML','368.75'),
('9095','HT SILK HYDRATATION F50 X 180 ML','237.42'),
('9096','HT SILK HYDRATATION SPRAY F50 X 180 ML','393.51'),
('9099','HT SHEER TOUCH F50 X 240 ML','351.68'),
('9100','HT SHEER TOUCH F50 X 120 ML','270.16'),
('9101','HT ACEITE ZANAHORIA SPRAY F30 X 180 ML','442.5'),
('9103','HT SILK HYDRATATION FACIAL F30 X 50 ML','319.73'),
('9104','HT ACEITE BRONC PROTECTOR  F15 X 240 M','389.21'),
('9106','HT LOCION BRONCEADORA F4 X 240 ML','292.17'),
('9110','CHAMP NAV.CORR EBRUT X 187 CC','118.45'),
('9119','GALL GALLO DE ARROZ TORTA NEGRA X 100 GR','68.28'),
('9120','GALL GALLO DE ARROZ SALADOS X 100 GR','68.28'),
('9121','GALL GALLO DE ARROZ DULCE X 100 GR','68.28'),
('9122','SALSA DINO CRIOLLA X 250 CC','38.74'),
('9123','SALSA DINO CRIOLLA PICANTE X 250 CC','43.44'),
('9124','SALSA DINO CRIOLLA AHUMADA X 250 CC','43.44'),
('9127','MAPU GATO X 10 KG','1440.3'),
('9128','RAZA GATOS PESCADO X 15 KG','1926.47'),
('9130','MADALENA VALENTE BANANA DDL X 250 GR','52.19'),
('9131','HT SILK HYDRATATION AIR SOFT FS50X150ML','358.68'),
('9132','VINO BEM FC BARCELONA RES MALBEC X 750','198.39'),
('9133','VINO BEM FC BARCELONA RES CABERNET X 750','206.58'),
('9134','VINO KADABRA MALBEC X 750 CC','204.66'),
('9135','VINO KADABRA CABERNET SAUV X 750 CC','204.66'),
('9136','VINO DILEMA DAY MALBEC X 750 CC','195.42'),
('9137','VINO DILEMA DAY PINK X 750 CC','195.42'),
('9138','CHAMP TRAP COSTA&PAMPA EXTRA BRUT X 750','350.11'),
('9142','ENC SHARK X 25 UND','550.12'),
('9144','VINO DADA 8 CHOCOLATE X 750 CC','260.16'),
('9148','CAR ALKA MENTA DISPLAY 12 X 29.4 GR','134.94'),
('9149','CAR ALKA STRONG DISPLAY 12 X 29.4 GR','166.86'),
('9150','LENTEJAS MISKY CONFITADO X 60 GR','32.99'),
('9154','ACEITE PATITO GIRASOL X 900 CC','42.34'),
('9155','CAR ALKA CHERRY/MENTOL 12 X 29.4 GR','134.94'),
('9156','VINO LA GRUPA RED BLEND X 750 CC','102.56'),
('9157','CLIGHT LIMONADA 20 X 7.5 GR','430.96'),
('9158','JUGO NOEL NARANJA 18 X 18 GR','327.89'),
('9159','JUGO NOEL MANZANA 18 X 18 GR','292.75'),
('9160','JUGO NOEL LIMONADA 18 X 18 GR','327.89'),
('9161','JUGO NOEL MULTIFRUTA 18 X 18 GR','292.75'),
('9162','OVNI POP X 8 UND','205.18'),
('9163','BASKET POP X 8 UND','459.68'),
('9165','HELI POP X 8 UND','208.66'),
('9166','SODA POP X 12 UND','275.9'),
('9173','CAFE LA VIRGINIA INST SUAVE X 170 GR','145.96'),
('9174','CAFE LA VIRGINIA INST SUAVE X 50 GR','113.72'),
('9176','CHAMP SCHROEDER EXTRA BRUT X 750 CC','280.37'),
('9177','WHISKY JACK DANIELS TW BOTELLA X 50 C','122.7'),
('9178','WHISKY JACK DANIELS HONEY X 50 C','122.7'),
('9181','GALL 9 DE ORO COOKIES CHIPS X 180 GR','42.74'),
('9182','MADALENA 9 DE ORO VAINILLA X 200 GR','71.4'),
('9183','MADALENA 9 DE ORO VAINILLA DDL X 230 GR','83.46'),
('9184','MINI BUDIN 9 DE ORO VAINILLA DDL X 215 G','67.06'),
('9185','MINI MADALENA 9 DE ORO VAINILLA X 140 GR','30.37'),
('9188','VINO TRAPICHE IMPURO MALBEC X750CC','383.22'),
('9190','VINO EL BAUTISMO BLEND BCO DLCE X 750 CC','93.14'),
('9199','GALL OREO MINI FRUTILLA X 50 GR','13.7'),
('9200','MINI BUDIN 9 DE ORO MARMOLADO X 210 G','47.96'),
('9201','MINI BUDIN 9 DE ORO VAINILLA X 210 G','57.46'),
('9203','MINI MADALENA 9 DE ORO CHOCO X 140 GR','31.67'),
('9204','VINO PRISIONERO MALBEC X 750 CC','198.18'),
('9207','VINO NOLITA SWEET X 750','81.09'),
('9209','DULCE MEMBRILLO ESTUCHE NOEL X 500 GR','49.57'),
('9210','DULCE BATATA VAI ESTUCHE NOEL X 500 GR','43.25'),
('9213','VODKA ABSOLUT LIME X 750 CC','654.32'),
('9218','RON CAPTIAN MORGAN WHITE X 750 CC','586.07'),
('9219','HUEVO SAPITO CONFITES 12 X 30 GR','415.74'),
('9226','RAZA GATOS POLLO Y LECHE X 10 KG','756.72'),
('9229','CHIC FIERITA RECARGADO MENTA X 50 UND','64.56'),
('9230','CHIC FIERITA RECARGADO TUTTI FRUTI X 50U','64.56'),
('9231','CHUP FIERITA SUPER TATOO FRUT X 50 UND','123.06'),
('9232','CHUP FIERITA LIGA JUSTICIA X 50 UND','125.15'),
('9233','CHIC GUMBALLS REDONDITO X 24 TIRAS','480.28'),
('9245','WHATS UP POP X 12','961.13'),
('9252','VINO ALMA MORA RESERVA CH X 750 CC','197.4'),
('9253','VINO DADA 6 HONEY X 750 CC','260.16'),
('9254','VINO NAV CORREAS RESERVA CAB SAUV X 750','235.03'),
('9255','PAST BULL DOG MIX MAD/UVA 12 X 30 GR','222.89'),
('9256','PAST BULL DOG MIX SAND/MZANA 12 X 30 GR','222.89'),
('9257','PAST BULL DOG UVA 12 X 30 GR','222.89'),
('9259','GALL PAR-NOR MINI MERENGUE X 120 GR','48.92'),
('9260','ENERGIZANTE SPEED LATA X 500 CC','129.91'),
('9261','JUGO NOEL DURAZNO 18 X 18 GR','221.25'),
('9263','ENERGIZANTE SPEED LATA 250 CC 41 + 7 S/C','3861.05'),
('9266','CHOPS X 12 UND','461.34'),
('9267','PRONTO SHAKE X 473 ML','73.4'),
('9268','GALL 9 DE ORO AVENA C/CHIPS X 180 GR','39.85'),
('9269','FRIZZE ITALIAN LIMONATA X 750 CC','66.2'),
('9270','TOST RIERA 100% INTEGRALES X 200 GR','78.79'),
('9272','GALL PAR-NOR MINI PITUSAS JALEA X 140 GR','48.92'),
('9273','JUGO NOEL NARANJA BANANA 18 X 18 GR','221.25'),
('9274','VINO PRISIONERO CABERNET SAUV X 750 CC','198.18'),
('9275','WHISKY OLD PARR 12 AÑOS X 750 CC','1779.24'),
('9279','FRIZZE BLUE X 1 LT','139.61'),
('9282','MINI BUDIN 9 DE ORO YOGUR DDL X 215 G','61.6'),
('9284','MINI BUDIN 9 DE ORO CHOCO C/DDL X 215 G','55.97'),
('9285','MADALENA 9 DE ORO CHOCO C/DDL X 230 GR','46.15'),
('9288','PACK NUTELLA + CAFETERA','2532.07'),
('9290','WHISKY CLYNELISH 14YO  X 750','2243.82'),
('9292','PAST SHOPKINS','115.7'),
('9293','VODKA SKYY PASSION FRUIT X 750 CC','475.4'),
('9294','VODKA SKYY RASPBERRY X 750 CC','475.4'),
('9295','VODKA SKYY CITRUS X 750 CC','342.96'),
('9303','GIN BOMBAY X 1 LT','1253.27'),
('9307','120AGUA LAS MISIONES PVC S/GAS 500+12S/C','2083.63'),
('9308','120AGUA LAS MISIONES PVC C/GAS 500+12S/C','3232.02'),
('9309','60 AGUA LAS MISIONES PVC S/GAS 1500+6S/C','1803.08'),
('9310','MER NOEL MANZANA X 454 GR','62.95'),
('9313','WHISKY JOHNNIE WALKER RED EST X 750 CC','1281.3'),
('9316','WHISKY BUCHANANS DELUXE X 750 CC','2306.42'),
('9318','GALL MINIPOLVORITAS CHO/VAI X 147 GR','40.02'),
('9319','GALL MINIPOLVORITAS VAINILLA X 147 GR','40.02'),
('9320','GALL MINIPOLVORITAS VAI/FRU X 147 GR','40.02'),
('9322','JUREL GDC NATURAL X 425 GR','201.15'),
('9323','JUREL GDC EN ACEITE X 425 GR','167.63'),
('9325','VINO DILEMA TINTO DULCE NAT X 750 CC','240.04'),
('9331','VINO EL ESTECO BLANC DE BLANC X 750 CC','363.03'),
('9333','DURAZNOS NOEL EN TROZOS X 820 GR','63.11'),
('9334','GALL 9 DE ORO COOKIES CHIPS BLA X 180 GR','42.74'),
('9335','GALL 9 DE ORO COOK. CHIPS COLOR X 180 GR','42.74'),
('9336','GALL 9 DE ORO AVENA C/ YOG VAI X 180 GR','37.26'),
('9337','GALL 9 DE ORO AVENA C/ YOG FRU X 180 GR','37.26'),
('9341','VINO SOTTANO ESPUMANTE ROSE BRUT X 750','196.35'),
('9342','WHISKY JOHNNIE WALKER BLACK EST X 750 CC','2047.26'),
('9343','PREM MAMA COCINA BROWNIES X 425 GR','87.53'),
('9344','ROCIO VEGETAL CAÑUELAS GIR A. OLEICO','165.64'),
('9349','WHISKY JACK DANIELS TW ESTUCHE X 750 CC','1938.21'),
('9350','PAPEL OCB ORGANICO 25 X 50 HOJAS','1486.09'),
('9351','FILTROS OCB SLIM X 120 UND','114.52'),
('9352','VINO CANCILLER BLANCO DULCE X 750 CC','44.01'),
('9354','LINT POCKET LIGHT + 2AAA (ENL33AE)','200.09'),
('9356','GALL 9 DE ORO RELL VAIN/CHOC X 120 G','50.71'),
('9357','GALL 9 DE ORO RELL CHOC/CHOC X 120 G','50.71'),
('9358','GALL 9 DE ORO RELL VAIN/LIMON X 120 G','50.71'),
('9363','ROCIO VEGETAL CAÑUELAS OLIVA EXT VIRG','212.68'),
('9364','BLEM AEROSOL X 360 CC','190.99'),
('9365','CERAMICOL AEROSOL X 360 CC','141.5'),
('9366','GLADE AEROSOL X 360 CC','46.43'),
('9367','LYSOFORM AEROSOL X 360 CC','170.39'),
('9368','FUYI MMM AEROSOL X 360 CC','139.58'),
('9369','BLEM AUTOBRILLO X 450 CC','95.01'),
('9370','ECHO CLASICO X 450 CC','152.05'),
('9371','CERAMICOL BRILLO X 450 CC','165.82'),
('9372','GLADE LIQUIDO LAVANDA X 900 CC','46.56'),
('9373','GLADE LIQUIDO FLORAL X 900 CC','76.48'),
('9374','GLADE LIQUIDO PARAISO X 900 CC','76.48'),
('9375','GLADE LIQUIDO HARMONY X 900 CC','48.07'),
('9376','LYSOFORM DESINFECTANTE X 500 CC','70.69'),
('9380','GOMITAS MISKY COLMILLOS  X 1 KG','342.18'),
('9382','GALL CEREALITAS DULCES MANZANA X 231 GR','58.88'),
('9387','CAR SUGUS MAX SURTIDO HALLOWEN X 750 GR','295.69'),
('9388','11 ENERGIZANTE SPEED XL X 500 CC + 1 S/C','1523.96'),
('9389','FILTROS OCB REGULAR X 100 UND','109.04'),
('9390','VINO LATITUD 33 DULCE X 750 CC','326.84'),
('9393','GALL 9 DE ORO RELL CHOC/LIMON X 120 GR','50.71'),
('9394','GIN BEEFEATER X 750 CC','1358.96'),
('9395','PAST YO-KAI WATCH','115.7'),
('9396','RAZA BARRA CEREAL JAMON PERRO 20 X 30 G','1063.04'),
('9398','VINO TRAPICHE RESERVA SYRAH X 750 CC','188.94'),
('9399','VINO TRAPICHE COSTA&PAMPA CHARD X 750 CC','314.88'),
('9400','EDULCORANTE TUY SWEET POLVO X 100 SOBRES','55.86'),
('9403','WHISKY VAT 69 APPLE X 750 CC','405'),
('9404','WHISKY VAT 69 HONEY X 750 CC','349.1'),
('9405','WHISKY VAT 69 GUARANA X 750 CC','405'),
('9406','CHUP COSMO LECHE X 40 UND','128.02'),
('9407','DR LEMON C/VODKA X 473 CC','75.19'),
('9408','PAN DULCE FANTOCHE SIN FRUTA X 400','167.45'),
('9409','PAN DULCE FANTOCHE MILANES X 500','102.98'),
('9410','CHUP COSMO TUTTI FRUTTI X 40 UND','116.38'),
('9414','TURRON DE MANI LA EGIPCIANA X 80 GR','25.28'),
('9416','TURRON C/MIEL LA EGIPCIANA X 120 GR','38.42'),
('9417','TORTA ARROZ RIKY LA EGIPC X 60 GR','50.55'),
('9421','GARRAPINADA DE MANI ZABET X 80 GR','22.75'),
('9422','CONFITES SURTIDOS ZABET X 80 GR','38.42'),
('9428','DR LEMON LIMON LATA X 473 CC','75.19'),
('9429','BUDIN 9 DE ORO CHOCOLATE X 220 GR','71.03'),
('9430','BUDIN 9 DE ORO VAINILLA X 220 GR','71.03'),
('9431','BUDIN 9 DE ORO VAINILLA C/DDL X 220 GR','71.03'),
('9433','VODKA SMIRNOFF BC GRAPEF/LIME X 700 CC','458.05'),
('9434','BUDIN 9 DE ORO MARMOLADO X 220 GR','71.03'),
('9438','MARSHMALLOWS FLOR FINI X 500 GR','114.35'),
('9447','WHISKY JACK DANIELS HONEY X 375 CC','720.72'),
('9448','VODKA PETERS 67 SIXTYSEVEN X 750 CC','130.25'),
('9455','TOST RIERA DE ARROZ DULCE X 150 GR','71.56'),
('9456','DULCE DE LECHE BAGGIO X 400 CC','94.09'),
('9458','LINT FAROL DE AREA EVEREADY','876.54'),
('9459','VINO KADABRA MRLT-MALB-CAB X 750 CC','113.89'),
('9461','OBLEA 9 DE ORO DOBLE VAI C/NAR X 100 GR','32.62'),
('9462','OBLEA 9 DE ORO TRIPLE CHOC C/NAR X100 GR','32.62'),
('9464','GALL PEPITOS BLACK X 121 GR','42.69'),
('9465','TANG MIX NAR-LIMA 20 X 18 GR','201.71'),
('9466','TANG MIX NAR-FRU-MARAC 20 X 18 GR','201.71'),
('9467','PAST PUNCHY MONKEY X 8 UND','1453.2'),
('9469','PAST TIC TAC FRUTOS ROJOS X 12 UND','419.8'),
('9470','GAUCHO PERROS CACHORROS X 25 KG','2171.22'),
('9472','MAQUINA BAMBOU OCB 1 1/4','295.01'),
('9473','MAQUINA ROLLING BOX OCB 1 1/4','397.57'),
('9474','TAB HAMLET COCO X 43 GR','21.55'),
('9476','BOC AMIGOS DE SAPITO 24 X 12.5 GR','123.73'),
('9477','HARINA PUREZA INTEGRAL MOL FINA X 1 KG','77.87'),
('9478','BOC HAMLET DDL 24 X 10.5 GR','243.47'),
('9480','ARVEJAS 7 DIAS BAGGIO X 350 GR','23.52'),
('9481','PURE TOMATE SIETE DIAS SLIM X 530 GR','21.06'),
('9482','TOST RIERA MULTISEMILLAS X 200 GR','70.4'),
('9483','MINI FLORA 9 DE ORO MEMB X 3 UND','46.93'),
('9484','MINI FLORA 9 DE ORO MEMB X 8 UNID','112.28'),
('9485','VINO EL SUPREMO BLEND TINTO 750 CC','63.68'),
('9486','PURE DE TOMATE DE LA HUERTA 530 GR','24.46'),
('9487','DISCOS DESMAQ DONCELLA X 80 UND','113.9'),
('9488','TOALL DONCELLA ANAT X 8 UND (6168)','36.79'),
('9489','TOALL DONCELLA C/A TANGA POCKET X 8 UND','41.3'),
('9490','TOALL DONCELLA C/ALAS X 8 UND (6151)','31.86'),
('9491','TOALL DONCELLA ULTRAFINA X 8 UND','42.78'),
('9492','TOALL DONCELLA ULTRAFINA T SECA X 8 UND','51.34'),
('9493','TOALL DONCELLA ULTRAFINA DUO X 16 UND','83.77'),
('9494','TOALL DONCELLA NOCTURNA X 8 UND','59.08'),
('9495','TOALL DONCELLA NOCT DUOPACK X 16 UND','115.69'),
('9496','PROT DONCELLA T RESP S/D X 40 UND','82.24'),
('9497','PROT DONCELLA DUO X 20 UND','51.84'),
('9498','PROT DONCELLA TANGA S/D X 20 UND','63.62'),
('9499','APOSITO POST PARTO DONCELLA X 10 UND','93.88'),
('9500','PROT DONCELLA MAMARIO X 12 UND','93.49'),
('9501','PROT DONCELLA MAMARIO X 24 UND','133.85'),
('9502','PROT DONCELLA ANATOMIC S/D X 40 UND','83'),
('9503','PROT DONCELLA T RESP S/D X 20 UND','48.42'),
('9504','PILA E91 BP8 AA ALCALINAS X 8 UND + LINT','259.31'),
('9506','GALL POLVORITAS CHISPAS X 80 GR','17.83'),
('9507','VINO DILEMA DAY CABERNET C. X 750 CC','195.42'),
('9508','TE LA VIRGINIA LIM/VIT C SAQ 20 X 2 GR','83.38'),
('9510','LINT METAL MTL 250L ENPMPH32E','400.79'),
('9513','CHIC PLUT FRUTILLA X 350G','106.85'),
('9514','CHIC PLUT UVA X 350G','105.07'),
('9515','CAR MISKY TOFFEES FRUTOS ROJOS X 400 GR','55.83'),
('9516','BOC KOOKY BON 30 X 10 GR','386.58'),
('9517','JUGO NOEL ANANA 18 X 18 GR','327.89'),
('9518','JUGO NOEL FRUTILLA 18 X 18 GR','327.89'),
('9519','CAR MISKY MENTOL TRANS X 405 GR','169.24'),
('9520','MARSHMALLOWS TWIST 18 X 12 GR','130.08'),
('9521','CAR MISKY REACIDOS X 826 GR','271.84'),
('9522','TOST RIERA DE ARROZ S/SAL X 150 GR','71.56'),
('9523','AJO TRITURADO ALICANTE 10 X 50 GR','302.9'),
('9524','TOMILLO ALICANTE 10 X 15 GR','97.1'),
('9525','PUNCH POP X 8 UND','893.58'),
('9526','WACKY MONKEY X 8 UND','1453.2'),
('9527','GALL MEDIA TARDE MINI MATERA X 250 GR','65.23'),
('9528','GALL MEDIA TARDE MINI CEREAL X 250 GR','69.19'),
('9529','CONDIMENTO ALICANTE P/CARNE 5 X 25 GR','99.31'),
('9530','CAR MISKY STRONG TRANSPARENTE X 405 GR','178.63'),
('9532','PRIME ZERO X 3 UND','182.15'),
('9534','TOST RIERA BIO ORGANICO X 200 GR','78.79'),
('9535','RAZA PERRO CARNE BAJAS CALORIAS x 3 KG','374.08'),
('9536','RAZA PERRO CARNE BAJAS CALORIAS x 15 KG','575.73'),
('9537','RAZA GATO PESCADO BAJAS CALORIAS X 1 KG','191.63'),
('9538','RAZA GATO PESCADO BAJAS CALORIAS x 8 KG','1108.44'),
('9539','VODKA SERNOVA X 700 CC','279.01'),
('9540','MINI FLORA 9 DE ORO DDL X 3 UNID','40.22'),
('9541','OBLEA 9 DE ORO BANO VAINILLA X 400 GR','216.6'),
('9542','OBLEA 9 DE ORO CHOC/NAR X 50 GR','25.12'),
('9543','OBLEA 9 DE ORO VAI/NAR X 50 GR','25.12'),
('9544','BUDIN 9 DE ORO INGLES X 220 GR','44.99'),
('9545','DOGGY POP X 6 UND','1493.69'),
('9546','YERBA MATE DE LAS MISIONES X 500 GR','123.94'),
('9550','PEG UNI-POX SILICONA LIQUIDA 9 X 24 ML','679.85'),
('9553','FRIZZE BLUE EVOL LATA X 473 CC','57.54'),
('9554','PILA E91 BP6 AA ALCALINAS X 6 UND','115.04'),
('9555','ALF GUAYMALLEN FRUTA 24 X 75 GR','613.25'),
('9556','VODKA GREY GOOSE X 375 CC','1038.53'),
('9557','LAMP LED 6 W LUZ AMARILLA','67.66'),
('9558','LAMP LED 6 W LUZ BLANCA','67.66'),
('9559','LAMP LED 8 W LUZ AMARILLA','68.41'),
('9560','LAMP LED 8 W LUZ BLANCA','68.41'),
('9561','LAMP LED 10 W LUZ BLANCA','93.74'),
('9562','PILA E91 BP4 AA X 4 UND + E92 AAA X 2UND','155.93'),
('9563','CAR FLYNN PAFF YOGUR FRU-BAN 70 X 8 GR','241.85'),
('9564','LA GALLINA COQUITA X 8 UND','1568.82'),
('9565','PUPPY HOUSE X 8 UND','1443.35'),
('9566','CAR BUTTER TOFFES COCO X 822 GR','369.88'),
('9567','OBLEA RHODESIA CHOCOLATE 36 X 22 GR','930.84'),
('9568','FRIZZE ITALIAN LIMONATA LATA X 473 CC','60.74'),
('9569','PROT DONCELLA T RESP C/D X 20 UND','60.04'),
('9570','GLADE LIQUIDO CAMPO X 900 CC','33.65'),
('9571','GLADE LIQUIDO I LOVE YOU X 900 CC','76.48'),
('9572','TANG UVA 20 X 18 GR','408.12'),
('9573','RAID MAX JERINGA 3G','179.93'),
('9574','RAID CEBOS P/ CUCARACHAS','191.47'),
('9575','CINZANO PRO-SPRITZ DEMI-SEC X 750 CC','530.44'),
('9576','GIN TANQUERAY SEVILLA X 700 CC','1555.19'),
('9577','VINO EL ULTIMO RIE MEJOR TANAT X 750 CC','386.68'),
('9578','PAST UNI POP X 9 UND','1475.5'),
('9579','ARROZ LARGO FINO CAÑUELAS X 1 KG','95.64'),
('9580','ARROZ PARBOIL CAÑUELAS X 1 KG','117.22'),
('9581','ARROZ PARBOIL CAÑUELAS X 500 GR','54.65'),
('9582','GOMITAS PICO DULCE X 600 GR','176.99'),
('9583','GOMITAS PICO DULCE X 150 GR','52.46'),
('9584','GOMITAS BABY DOLL X 600 GR','205.09'),
('9585','CEPITA MULTIFRUTA X 200 CC','35.2'),
('9586','GALL TERRABUSI SCONS X 160 GR','50.87'),
('9587','GALL TERRABUSI CHIPS CHOC X 144 GR','50.94'),
('9588','MONSTER ULTRA PARADISE X 473 CC','118.22'),
('9589','MONSTER ULTRA SUNRISE X 473 CC','118.22'),
('9590','GALL MEDIA TARDE 3 X 105 GR','68.1'),
('9591','PREM MAMA COCINA PANQUEQUE INT X 300 GR','64.66'),
('9592','ARROZ INTEGRAL CAÑUELAS X 1 KG','79.98'),
('9593','ARROZ INTEGRAL CAÑUELAS X 500 GR','40'),
('9594','MEET HS POMELO X 310 CC','67.15'),
('9597','PROTECTOR Y AUTOBRILLO DE LLANTAS X 650M','404.27'),
('9599','ALC PORTA 70% DESINFECCION X 5 LT','727.73'),
('9600','ALC GEL GLICERINA X 5 LT','951.2'),
('9601','GIN BRIGHTON X 700 CC','524.2'),
('9602','CINTA DE EMBALAR TRANSP CANDELA X 100 MT','138.56'),
('9603','ENJ DOVE REPARACION COCO X 200 ML','122.29'),
('9604','TOST DON MARCOS DE ARROZ CLASICA X 120GR','34.76'),
('9605','TOST DON MARCOS DE ARROZ S/SAL X 120 GR','34.76'),
('9606','TOST DON MARC ARROZ MULTISEMILLA X 120GR','40.99'),
('9607','SNACK DON MARCOS  PAPAS FRITAS X 80 GR','34.76'),
('9608','SNACK DON MARCOS JAMON AHUMADO X 80 GR','36.64'),
('9609','SNACK DON MARCOS CHEDDAR X 80 GR','36.64'),
('9610','SNACK DON MARCOS FINAS HIERBAS X 80 GR','36.64'),
('9611','SNACK DON MARC CREMA C/ CIBOULET X 80 GR','36.64'),
('9612','SNACK DON MARCOS PIZZA X 80 GR','36.64'),
('9613','SNACK DON MARCOS MEDITERRANEO X 80 GR','34.76'),
('9614','PAST LION POP X 8 UND','1324.03'),
('9615','PAST SHARK POP  X 8 UND','1324.03'),
('9618','PILA P/ AUDIF RAYOVAC EXTRA  A10 X 6 UND','317.56'),
('9619','PILA P/ AUDIF RAYOVAC EXTRA A13 X 6 UND','317.56'),
('9620','PILA P/ AUDIF RAYOVAC EXTRA A675 X 6 UND','317.56'),
('9621','VODKA SKYY PINEAPPLE X 750 CC','475.4'),
('9622','CHIC ALKA FRUTA  20 X 6.7 GR','191.96'),
('9623','CHIC ALKA MENTA  20 X 6.7 GR','191.96'),
('9624','CAR MISKY MAST ZOO YOGUR X 498 GR','142.31'),
('9625','CHUP BICOLOR MISKY X 50 UND','190.68'),
('9626','PAST TIC TAC SANDIA X 12 UND','419.8'),
('9627','RAZA GATOS GATITOS CAC CARNE Y LEC X 0.5','98.46'),
('9628','GUISADO RAZA CARNE PERROS ADUL X 340 GR','154.43'),
('9629','GUISADO RAZA CARNE GATOS ADUL X 340 GR','154.43'),
('9630','CERVEZA SALTA RUBIA X 473 CC','84.06'),
('9631','CERVEZA SALTA ROJA X 473 CC','84.06'),
('9649','CAR MISKY MOSTER BAG X 396 GR','214.97'),
('9651','GALL LINCOLN CLASICA X 219 GR','102.29'),
('9652','VINO PRISIONERO CHENIN DULCE X 750 CC','187.15'),
('9654','GALL BAGLEY CEREALES SALVADO X 169 GR','69.02'),
('9655','TOST DON MARCOS DE ARROZ DULCES X 120GR','34.76'),
('9658','VODKA SERNOVA SWEET APPLE PEAR X 700 CC','309.7'),
('9659','VODKA SERNOVA TROPICAL PASSION X 700 CC','309.7'),
('9660','CAR FLYNN PAFF YOGUR DUR-VAI70 X 8 GR','241.85'),
('9661','SUAVIZANTE ZORRO ROSAS-FLOR BX3 L','328.96'),
('9662','LAMP LED 12 W FRIA CANDELA','95.52'),
('9677','WHISKY FAMOUS GROUSE FINEST X 700','427.24'),
('9680','SALSA BARBACOA CASALTA X 335 GR','191.82'),
('9681','ACETO FAVINCO X 250 ML','124.88'),
('9682','ACETO FAVINCO ESPESO X 250 ML','135.48'),
('9683','AZUCAR NOEL COMUN TIPO A 10 X 1 KG','515.36'),
('9684','GEL MOGUL MANZANA  8 X 30 GR','270.3'),
('9687','HT BABY C/ROCIADOR FS50 X 240 ML','1431.44'),
('9688','VODKA SKYY APRICOT X 750 CC','475.4'),
('9689','CAR MISKY ROLL 12 X 35 GR','170.04'),
('9691','CHAMP SUTER DULCE X 750 CC','216.92'),
('9692','VINO DADA ESPUMANTE CASSIS X 750 CC','364.6'),
('9696','YERBA CANARIAS X 1 KG','594.92'),
('9697','YERBA CANARIAS X 500 GR','317.95'),
('9698','ACETO FAVINCO ESPESO AHUMADO X 250 ML','135.48'),
('9699','JUGO DE LIMON FAVINCO X 500 CC','78.49'),
('9700','VODKA SMIRNOFF BC ORANGE/LIME X 700 CC','458.05'),
('9701','VODKA SMIRNOFF BC TANGE/LEMONGR X 700 CC','458.05'),
('9702','SALSA GOLF S/TAC HELLMANNS  X250 GR','87.18'),
('9703','FRIZZE ITALIAN POMELATA X 1 LT','139.61'),
('9704','ACEITE CAÑUE OLIVA INTENSO LATA X 500 CC','365.21'),
('9713','FUYI APARATO  P/TABLETA S/CABLE','303.17'),
('9714','VINO MI VINITERRA MALBEC X 750 CC','781.93'),
('9715','TOST MEDIA TARDE X 187 GR','62.05'),
('9716','TOST MEDIA TARDE SALVADO X 187 GR','62.05'),
('9717','CACAO TODDY ORIGINAL X 180 GR','81.59'),
('9718','CACAO TODDY EXTREMO X 360 GR','162.52'),
('9720','PAN RALLADO C/AJO Y PEREJIL MAM X 500 GR','97.06'),
('9723','JAB LIQUIDO LIMZUL X 800L','84.25'),
('9724','ALF SIMPLE MANON X 43 GR','15.56'),
('9725','CARAMELOS CATZ POP X 6 UNI','1082.51'),
('9726','CERVEZA CARLSBERG GREEN LABEL X 500CC','114.76');

insert into remitosremotos(Talonario,Pedido,Secuencia,Fecha,Cliente,Tipo,Producto,Bulto,Unidades,Cantidad,Estado,Cli_Nom,Pro_Nom,Ingresada,Ingresada2) values 
(3,1855,1,'2021-12-14',9998,'RTD','8452',10,0,120,'G','MAXICO EXPRESS 1','DR LEMON RED BERRY X 1 L',120,0),
(3,1855,2,'2021-12-14',9998,'RTD','7427',5,0,100,'G','MAXICO EXPRESS 1','SAL FINA TRESAL PAQUETE X 500 KG',100,0),
(3,1855,3,'2021-12-14',9998,'RTD','7428',3,0,30,'G','MAXICO EXPRESS 1','SAL ENTREFINA TRESAL PAQUETE X 1 KG',30,0),
(3,1855,4,'2021-12-14',9998,'RTD','4341',3,0,72,'G','MAXICO EXPRESS 1','SAL GRUESA DOSANCLAS ESTUCHE 500 GR',72,0),
(3,1855,5,'2021-12-14',9998,'RTD','2865',1,0,12,'G','MAXICO EXPRESS 1','GIN BOMBAY X 750 CC',12,0),
(3,1855,6,'2021-12-14',9998,'RTD','5291',1,0,12,'G','MAXICO EXPRESS 1','CHUP MR POPS FRUTAL X 50 UND',0,0),
(3,1855,7,'2021-12-14',9998,'RTD','8634',2,0,80,'G','MAXICO EXPRESS 1','POSTRE DE MANI LHERITIER X 100 GR',80,0),
(3,1855,8,'2021-12-14',9998,'RTD','9713',0,6,6,'G','MAXICO EXPRESS 1','FUYI APARATO  P/TABLETA S/CABLE',6,0),
(3,1855,9,'2021-12-14',9998,'RTD','9704',1,0,6,'G','MAXICO EXPRESS 1','ACEITE CAÑUELA OLIVA INTENSO LATA X 500 CC',0,0),
(3,1855,10,'2021-12-14',9998,'RTD','9714',1,0,6,'G','MAXICO EXPRESS 1','VINO MI VINITERRA MALBEC X 750 CC',6,0),
(3,1855,13,'2021-12-14',9998,'RTD','9428',5,0,120,'G','MAXICO EXPRESS 1','DR LEMON LIMON LATA X 473 CC',120,0),
(3,1855,14,'2021-12-14',9998,'RTD','3620',5,0,60,'G','MAXICO EXPRESS 1','DR LEMON C/VODKA X 275 CC',60,0),
(3,1855,15,'2021-12-14',9998,'RTD','8783',0,12,12,'G','MAXICO EXPRESS 1','ENC CANDELA HOGAR EXTENSIBLE',12,0),
(3,1855,16,'2021-12-14',9998,'RTD','8784',0,12,12,'G','MAXICO EXPRESS 1','ENC CANDELA HOGAR FLEX',12,0),
(3,1855,17,'2021-12-14',9998,'RTD','9260',10,0,120,'G','MAXICO EXPRESS 1','ENERGIZANTE SPEED LATA X 500 CC',120,0),
(3,1855,18,'2021-12-14',9998,'RTD','2636',5,0,80,'G','MAXICO EXPRESS 1','GALL MEDIA TARDE SAND 3 X 107 GR',80,0),
(3,1855,19,'2021-12-14',9998,'RTD','2817',1,0,60,'G','MAXICO EXPRESS 1','TOALL FEM LINA ULTRAFINAS C/ALAS X 10',60,0),
(3,1855,20,'2021-12-14',9998,'RTD','9711',0,6,6,'G','MAXICO EXPRESS 1','BLEM CITRUS AEROSOL X 360 CC',0,0),
(3,1855,21,'2021-12-14',9998,'RTD','9712',0,6,6,'G','MAXICO EXPRESS 1','BLEM FLORAL AEROSOL X 360 CC',0,0),
(3,1855,22,'2021-12-14',9998,'RTD','9710',0,6,6,'G','MAXICO EXPRESS 1','BLEM LAVANDA AEROSOL X 360 CC',0,0),
(3,1855,23,'2021-12-14',9998,'RTD','9709',0,6,6,'G','MAXICO EXPRESS 1','BLEM LIMON X 360 CC',0,0),
(3,1855,24,'2021-12-14',9998,'RTD','9708',0,6,6,'G','MAXICO EXPRESS 1','BLEM NARANJA X 360 CC',0,0),
(3,1855,26,'2021-12-14',9998,'RTD','1364',2,0,100,'G','MAXICO EXPRESS 1','VELAS RANCHERA CHICAS X 4 UND',100,0),
(3,1855,27,'2021-12-14',9998,'RTD','8326',0,20,20,'G','MAXICO EXPRESS 1','JAB BLANCO ZORRO CLASICO 2 X 150G 244',20,0),
(3,1855,28,'2021-12-14',9998,'RTD','3372',0,20,20,'G','MAXICO EXPRESS 1','GALL OREO MINI X 50 GR',20,0),
(3,1855,29,'2021-12-14',9998,'RTD','3173',1,0,36,'G','MAXICO EXPRESS 1','GALL OREO CHOCOLATE X 111 GR',36,0),
(3,1855,30,'2021-12-14',9998,'RTD','2764',0,20,20,'G','MAXICO EXPRESS 1','GALL REX KESITAS X 75 GR',20,0),
(3,1855,31,'2021-12-14',9998,'RTD','2790',0,20,20,'G','MAXICO EXPRESS 1','GALL REX X 75 GR',20,0),
(3,1855,32,'2021-12-14',9998,'RTD','5008',5,0,30,'G','MAXICO EXPRESS 1','GIN DRY BOLS X 750 CC',30,0),
(3,1855,33,'2021-12-14',9998,'RTD','9007',5,0,30,'G','MAXICO EXPRESS 1','VODKA SMIRNOFF WATER MELON X 700 CC',30,0),
(3,1855,36,'2021-12-14',9998,'RTD','8719',1,0,6,'G','MAXICO EXPRESS 1','VINO DADA BLEND 2 MALBEC/TEMPRANI X 750',6,0),
(3,1855,39,'2021-12-14',9998,'RTD','8628',3,0,72,'G','MAXICO EXPRESS 1','DR LEMON C/VODKA POMELO X 473 CC',72,0),
(3,1855,40,'2021-12-14',9998,'RTD','5641',1,0,12,'G','MAXICO EXPRESS 1','MALIBU X 750',12,0),
(3,1855,42,'2021-12-14',9998,'RTD','8739',10,0,60,'G','MAXICO EXPRESS 1','COCA COLA LATA X 310 CC',0,0),
(3,1855,43,'2021-12-14',9998,'RTD','8726',5,0,30,'G','MAXICO EXPRESS 1','COCA COLA SIN AZUCAR X 1.5 LT',30,0),
(3,1855,44,'2021-12-14',9998,'RTD','8766',2,0,12,'G','MAXICO EXPRESS 1','COCA COLA LIGHT X 1.5 LT',12,0),
(3,1855,45,'2021-12-14',9998,'RTD','8329',1,0,16,'G','MAXICO EXPRESS 1','DET ZORRO ULTRA MENTA Y ALGA X 300ML 484',16,0),
(3,1855,46,'2021-12-14',9998,'RTD','8038',10,0,120,'G','MAXICO EXPRESS 1','DR LEMON C/VODKA X 1 L',120,0),
(3,1855,47,'2021-12-14',9998,'RTD','8734',3,0,36,'G','MAXICO EXPRESS 1','FANTA NARANJA X 500 CC',36,0),
(3,1855,48,'2021-12-14',9998,'RTD','8804',5,0,30,'G','MAXICO EXPRESS 1','FANTA NARANJA  LATA X 310 CC',30,0),
(3,1855,49,'2021-12-14',9998,'RTD','6091',5,0,60,'G','MAXICO EXPRESS 1','GALL BENJAMIN PEPAS X 400 GR',60,0),
(3,1855,51,'2021-12-14',9998,'RTD','9589',5,0,30,'G','MAXICO EXPRESS 1','MONSTER ULTRA SUNRISE X 473 CC',30,0),
(3,1855,52,'2021-12-14',9998,'RTD','8730',5,0,30,'G','MAXICO EXPRESS 1','SCHWEPPES TONICA X 1.5 LT',30,0),
(3,1855,53,'2021-12-14',9998,'RTD','8805',10,0,60,'G','MAXICO EXPRESS 1','SPRITE LATA X 310 CC',60,0),
(3,1855,54,'2021-12-14',9998,'RTD','8092',1,0,6,'G','MAXICO EXPRESS 1','VINO TRAPICHE COSTA PAMPA P. NOIR X 750',6,0),
(3,1855,58,'2021-12-14',9998,'RTD','8072',5,0,30,'G','MAXICO EXPRESS 1','VODKA SMIRNOFF RASPBERRY X 700 CC',30,0),
(3,1855,59,'2021-12-14',9998,'RTD','9546',3,0,36,'G','MAXICO EXPRESS 1','YERBA MATE DE LAS MISIONES X 500 GR',36,0),
(3,1855,60,'2021-12-14',9998,'RTD','8409',1,0,4,'G','MAXICO EXPRESS 1','AROMATIZANTE BAHAMA COLLAR DE FLORES',0,0),
(3,1855,61,'2021-12-14',9998,'RTD','8658',1,0,6,'G','MAXICO EXPRESS 1','SHAMPOO ARMOR ALL P/AUTO C/CERA X 473 ML',6,0),
(3,1855,62,'2021-12-14',9998,'RTD','8259',0,20,20,'G','MAXICO EXPRESS 1','QUITAESMALTE CUTEX FORTALECEDOR X 100 CC',20,0),
(3,1855,63,'2021-12-14',9998,'RTD','5997',0,20,20,'G','MAXICO EXPRESS 1','QUITAESMALTE CUTEX FORTALECEDOR X 50 CC',20,0),
(3,1855,64,'2021-12-14',9998,'RTD','5162',2,0,24,'G','MAXICO EXPRESS 1','RAID EXTERMINADOR X 390 CC',24,0),
(3,1855,65,'2021-12-14',9998,'RTD','4269',0,6,6,'G','MAXICO EXPRESS 1','RON BACARDI LIGHT X 750 CC',6,0),
(3,1855,66,'2021-12-14',9998,'RTD','8777',2,0,12,'G','MAXICO EXPRESS 1','RON NEGRITA DORADO X 1LT',12,0),
(3,1855,67,'2021-12-14',9998,'RTD','7769',2,0,12,'G','MAXICO EXPRESS 1','SAL DINO CON PIMIENTA X 378 GR',12,0),
(3,1855,68,'2021-12-14',9998,'RTD','7768',2,0,12,'G','MAXICO EXPRESS 1','SAL DINO CON CHIMICHURRI X 378 GR',12,0),
(3,1855,69,'2021-12-14',9998,'RTD','7770',2,0,12,'G','MAXICO EXPRESS 1','SAL DINO CON FINAS HIERBAS X 378 GR',12,0),
(3,1855,70,'2021-12-14',9998,'RTD','4344',0,12,12,'G','MAXICO EXPRESS 1','SAL FINA DOS ANCLAS ESTUCHE 500 GR',12,0),
(3,1855,71,'2021-12-14',9998,'RTD','2500',3,0,72,'G','MAXICO EXPRESS 1','SALSA NOEL PIZZA DP X 340 GR',72,0),
(3,1855,72,'2021-12-14',9998,'RTD','8429',0,3,3,'G','MAXICO EXPRESS 1','SHAM PLUSBELLE BALANCE X 1 LT -887-',3,0),
(3,1855,73,'2021-12-14',9998,'RTD','8428',0,3,3,'G','MAXICO EXPRESS 1','SHAM PLUSBELLE DOCILIDAD X 1 LT -886-',3,0),
(3,1855,74,'2021-12-14',9998,'RTD','2009',0,12,12,'G','MAXICO EXPRESS 1','SHAM SEDAL CERAMIDAS X 24 UND',12,0),
(3,1855,75,'2021-12-14',9998,'RTD','8706',0,6,6,'G','MAXICO EXPRESS 1','SHAM SEDAL CERAMIDAS X 340 ML',6,0),
(3,1855,76,'2021-12-14',9998,'RTD','8487',0,12,12,'G','MAXICO EXPRESS 1','SHAM SEDAL CREMA BALANCE X 190 ML',12,0),
(3,1855,77,'2021-12-14',9998,'RTD','2815',0,10,10,'G','MAXICO EXPRESS 1','TAMPONES O.B. MINI X 8 UND',10,0),
(3,1855,78,'2021-12-14',9998,'RTD','1268',1,0,12,'G','MAXICO EXPRESS 1','TANG POMELO ROSADO 20 X 18 GR',12,0),
(3,1855,79,'2021-12-14',9998,'RTD','1267',3,0,36,'G','MAXICO EXPRESS 1','TANG NARANJA 20 X 18 GR',36,0),
(3,1855,80,'2021-12-14',9998,'RTD','1113',3,0,36,'G','MAXICO EXPRESS 1','TANG NARANJA DULCE 20 X 18 GR',36,0),
(3,1855,81,'2021-12-14',9998,'RTD','1261',3,0,36,'G','MAXICO EXPRESS 1','TANG NARANJA / MANGO 20 X 18 GR',36,0),
(3,1855,82,'2021-12-14',9998,'RTD','9517',5,0,60,'G','MAXICO EXPRESS 1','JUGO NOEL ANANA 18 X 18 GR',60,0),
(3,1855,83,'2021-12-14',9998,'RTD','7538',5,0,40,'G','MAXICO EXPRESS 1','LECHE BAGGIO CHOCOLATADA X 1000 CC',40,0),
(3,1855,84,'2021-12-14',9998,'RTD','7490',10,0,180,'G','MAXICO EXPRESS 1','LECHE BAGGIO CHOCOLATADA X 200 CC',180,0),
(3,1855,85,'2021-12-14',9998,'RTD','3833',2,0,20,'G','MAXICO EXPRESS 1','LENTEJAS LA EGIPCIANA X 400 GR',20,0),
(3,1855,86,'2021-12-14',9998,'RTD','7620',0,6,6,'G','MAXICO EXPRESS 1','MAQUINA PLASTICA OCB',6,0),
(3,1855,87,'2021-12-14',9998,'RTD','1221',5,0,105,'G','MAXICO EXPRESS 1','GALL SURTIDO BAGLEY X 400 GR',105,0),
(3,1855,88,'2021-12-14',9998,'RTD','2333',5,0,105,'G','MAXICO EXPRESS 1','GALL SURTIDO DESFILE X 400 GR',105,0),
(3,1856,1,'2021-12-20',9998,'RTD','8304',0,10,10,'G','MAXICO EXPRESS 1','JAB POLVO ZORRO BLUE LAV MANO X 800G 942',10,0),
(3,1856,2,'2021-12-20',9998,'RTD','8220',5,0,5,'G','MAXICO EXPRESS 1','MAPU PERRO ADULTO X 21 KG',5,0),
(3,1856,3,'2021-12-20',9998,'RTD','8247',2,0,12,'G','MAXICO EXPRESS 1','COPON BEEFEATER',12,0),
(3,1856,4,'2021-12-20',9998,'RTD','9689',1,0,12,'G','MAXICO EXPRESS 1','CAR MISKY ROLL 12 X 35 GR',12,0),
(3,1856,5,'2021-12-20',9998,'RTD','2336',5,0,200,'G','MAXICO EXPRESS 1','GALL POLVORITAS FRUTILLA X 80 GR',200,0),
(3,1856,6,'2021-12-20',9998,'RTD','6134',2,0,72,'G','MAXICO EXPRESS 1','GALL POLVORITAS FRUTILLA X 150 GR',72,0),
(3,1856,8,'2021-12-20',9998,'RTD','8239',3,0,36,'G','MAXICO EXPRESS 1','BUDIN 9 DE ORO INTEGRAL LIMON X 220 GR',36,0),
(3,1856,11,'2021-12-20',9998,'RTD','9431',3,0,36,'G','MAXICO EXPRESS 1','BUDIN 9 DE ORO VAINILLA C/DDL X 190 GR',36,0),
(3,1856,12,'2021-12-20',9998,'RTD','9008',0,2,2,'G','MAXICO EXPRESS 1','WHISKY TALISKER 10 AÂ¥OS x 750 CC',2,0),
(3,1856,13,'2021-12-20',9998,'RTD','6927',3,0,18,'G','MAXICO EXPRESS 1','CYNAR X 750 CC',18,0),
(3,1856,14,'2021-12-20',9998,'RTD','8331',2,0,32,'G','MAXICO EXPRESS 1','DET ZORRO ULTRA ALOE  Y COCO X 300ML 466',32,0),
(3,1856,15,'2021-12-20',9998,'RTD','8334',2,0,40,'G','MAXICO EXPRESS 1','DET ZORRO ULTRA LIMON X 500ML 481',40,0),
(3,1856,16,'2021-12-20',9998,'RTD','8424',2,0,40,'G','MAXICO EXPRESS 1','DET ZORRO ULTRA NAR JENG X 300ML 463',40,0),
(3,1856,17,'2021-12-20',9998,'RTD','1489',2,0,40,'G','MAXICO EXPRESS 1','GALL 9 DE ORO SALVADO X 200 GR',40,0),
(3,1856,18,'2021-12-20',9998,'RTD','8645',2,0,28,'G','MAXICO EXPRESS 1','GALL PASEO MINI CHATITAS PIZZA X 115 GR',28,0),
(3,1856,19,'2021-12-20',9998,'RTD','8644',2,0,28,'G','MAXICO EXPRESS 1','GALL PASEO MINI CHATITAS CHEDDAR X 115GR',28,0),
(3,1856,20,'2021-12-20',9998,'RTD','7356',2,0,48,'G','MAXICO EXPRESS 1','GALL TODDY CHISPAS X 126 GR',48,0),
(3,1856,21,'2021-12-20',9998,'RTD','8376',1,0,30,'G','MAXICO EXPRESS 1','JAB CAMPOS VERDES ENERGIA SOL 3X120G 935',30,0),
(3,1856,22,'2021-12-20',9998,'RTD','8377',0,30,30,'G','MAXICO EXPRESS 1','JAB CAMPOS VERDES FRESC LIBER 3X120G 936',30,0),
(3,1856,23,'2021-12-20',9998,'RTD','8375',1,0,30,'G','MAXICO EXPRESS 1','JAB CAMPOS VERDES PAUSA CAMPO 3X120G 934',30,0),
(3,1856,24,'2021-12-20',9998,'RTD','7373',5,0,50,'G','MAXICO EXPRESS 1','MATE COCIDO EL LITORAL SAQUITOS 25 X 3GR',50,0),
(3,1856,25,'2021-12-20',9998,'RTD','1268',1,0,12,'G','MAXICO EXPRESS 1','TANG POMELO ROSADO 20 X 18 GR',12,0),
(3,1856,26,'2021-12-20',9998,'RTD','1267',2,0,24,'G','MAXICO EXPRESS 1','TANG NARANJA 20 X 18 GR',24,0),
(3,1856,27,'2021-12-20',9998,'RTD','1113',2,0,24,'G','MAXICO EXPRESS 1','TANG NARANJA DULCE 20 X 18 GR',24,0),
(3,1856,28,'2021-12-20',9998,'RTD','1261',3,0,36,'G','MAXICO EXPRESS 1','TANG NARANJA / MANGO 20 X 18 GR',36,0),
(3,1856,29,'2021-12-20',9998,'RTD','7617',3,0,36,'G','MAXICO EXPRESS 1','TANG LIMONADA DULCE 20 X 18 GR',36,0),
(3,1856,30,'2021-12-20',9998,'RTD','9583',1,0,24,'G','MAXICO EXPRESS 1','GOMITAS PICO DULCE X 150 GR',24,0),
(3,1856,31,'2021-12-20',9998,'RTD','9602',1,0,36,'G','MAXICO EXPRESS 1','CINTA DE EMBALAR TRANSP CANDELA X 100 MT',36,0),
(3,1856,32,'2021-12-20',9998,'RTD','9574',12,0,12,'G','MAXICO EXPRESS 1','RAID CEBOS P/ CUCARACHAS',12,0),
(3,1856,33,'2021-12-20',9998,'RTD','2745',3,0,36,'G','MAXICO EXPRESS 1','RAID MMM AEROSOL X 360 CC',36,0),
(3,1856,34,'2021-12-20',9998,'RTD','9705',2,0,12,'G','MAXICO EXPRESS 1','SHAMPOO ARMOR ALL CAR WASH  X 709 ML',12,0),
(3,1856,35,'2021-12-20',9998,'RTD','9706',1,0,6,'G','MAXICO EXPRESS 1','PROTECTOR ARMOR ALL GATILLO  X 473 ML',6,0),
(3,1856,36,'2021-12-20',9998,'RTD','5008',5,0,30,'G','MAXICO EXPRESS 1','GIN DRY BOLS X 750 CC',30,0),
(3,1856,37,'2021-12-20',9998,'RTD','8589',2,0,12,'G','MAXICO EXPRESS 1','GIN BULLDOG LONDON DRY X 700 CC',12,0),
(3,1856,38,'2021-12-20',9998,'RTD','8563',4,0,4,'G','MAXICO EXPRESS 1','COPOS DE MAIZ NAT TRES ARROYOS X 3.5 KG',4,0),
(3,1856,39,'2021-12-20',9998,'RTD','8570',1,0,22,'G','MAXICO EXPRESS 1','COPOS DE MAIZ AZUC TRES ARROYOS X 500 GR',22,0),
(3,1856,40,'2021-12-20',9998,'RTD','8402',1,0,12,'G','MAXICO EXPRESS 1','DESODORANTE PLUSBELLE FRESH X 150',12,0),
(3,1856,41,'2021-12-20',9998,'RTD','8401',1,0,12,'G','MAXICO EXPRESS 1','DESODORANTE PLUSBELLE CARE X 150',12,0),
(3,1856,42,'2021-12-20',9998,'RTD','9699',2,0,24,'G','MAXICO EXPRESS 1','JUGO DE LIMON FAVINCO X 500 CC',24,0),
(3,1856,43,'2021-12-20',9998,'RTD','4942',10,0,60,'G','MAXICO EXPRESS 1','VINO ESTECO ELEMENTOS MALBEC 750 CC',60,0),
(3,1856,44,'2021-12-20',9998,'RTD','5640',3,0,18,'G','MAXICO EXPRESS 1','GIN BEEFEATER X 1 LT',18,0),
(3,1856,45,'2021-12-20',9998,'RTD','8579',5,0,30,'G','MAXICO EXPRESS 1','GIN BEEFEATER PINK X 700 CC',30,0),
(3,1856,46,'2021-12-20',9998,'RTD','9379',1,0,12,'G','MAXICO EXPRESS 1','GLADE LIQUIDO BEBE X 900 CC',12,0),
(3,1856,47,'2021-12-20',9998,'RTD','9570',1,0,12,'G','MAXICO EXPRESS 1','GLADE LIQUIDO CAMPO X 900 CC',12,0),
(3,1856,48,'2021-12-20',9998,'RTD','9571',1,0,12,'G','MAXICO EXPRESS 1','GLADE LIQUIDO I LOVE YOU X 900 CC',12,0),
(3,1856,49,'2021-12-20',9998,'RTD','4432',1,0,48,'G','MAXICO EXPRESS 1','PAÂ¥UELOS CANDELA DESCARTABLES X 6 UND',48,0),
(3,1856,50,'2021-12-20',9998,'RTD','6949',1,0,48,'G','MAXICO EXPRESS 1','PAÂ¥UELOS MANHATTAN DESCARTABLES X 6 UND',48,0),
(3,1856,51,'2021-12-20',9998,'RTD','7253',10,0,100,'G','MAXICO EXPRESS 1','TE LA VIRGINIA SAQ 25 X 2 GR',100,0),
(3,1856,52,'2021-12-20',9998,'RTD','5872',2,0,12,'G','MAXICO EXPRESS 1','VINO FOND CAVE RES MALBEC X 750 CC',12,0),
(3,1856,53,'2021-12-20',9998,'RTD','8172',1,0,24,'G','MAXICO EXPRESS 1','ENC CLIPPER MAXI X 5 UND',24,0),
(3,1856,54,'2021-12-20',9998,'RTD','1374',5,0,120,'G','MAXICO EXPRESS 1','PRIME SUPER FINOS X 3 UND',120,0),
(3,1856,55,'2021-12-20',9998,'RTD','1376',5,0,120,'G','MAXICO EXPRESS 1','PRIME TEXTURADOS X 3 UND',120,0),
(3,1856,56,'2021-12-20',9998,'RTD','2133',3,0,72,'G','MAXICO EXPRESS 1','PRIME TACHAS X 3 UND',72,0),
(3,1856,57,'2021-12-20',9998,'RTD','1680',5,0,120,'G','MAXICO EXPRESS 1','PRIME ULTRA FINO X 3 UND',120,0),
(3,1856,58,'2021-12-20',9998,'RTD','9532',5,0,60,'G','MAXICO EXPRESS 1','PRIME ZERO X 3 UND',60,0),
(3,1856,59,'2021-12-20',9998,'RTD','9267',3,0,72,'G','MAXICO EXPRESS 1','PRONTO SHAKE X 473 CC',72,0),
(3,1856,60,'2021-12-20',9998,'RTD','4459',5,0,60,'G','MAXICO EXPRESS 1','ALC PORTA X 1000 CC',60,0),
(3,1856,61,'2021-12-20',9998,'RTD','4862',1,0,48,'G','MAXICO EXPRESS 1','ATUN BAHIA DESM ACEITE X 170 GR',48,0),
(3,1856,62,'2021-12-20',9998,'RTD','4863',1,0,48,'G','MAXICO EXPRESS 1','ATUN BAHIA DESM NATURAL X 170 GR',48,0),
(3,1856,63,'2021-12-20',9998,'RTD','4864',0,24,24,'G','MAXICO EXPRESS 1','ATUN BAHIA LOMOS ACEITE X 170 GR',24,0),
(3,1856,64,'2021-12-20',9998,'RTD','5885',0,24,24,'G','MAXICO EXPRESS 1','ATUN BAHIA LOMOS NATURAL X 170 GR',24,0),
(3,1856,66,'2021-12-20',9998,'RTD','8560',1,0,24,'G','MAXICO EXPRESS 1','ATUN NOEL DESMENUZADO NATURAL X 170 GR',24,0),
(3,1856,67,'2021-12-20',9998,'RTD','1535',20,0,360,'G','MAXICO EXPRESS 1','BAGGIO DURAZNO X 200 CC',360,0),
(3,1856,68,'2021-12-20',9998,'RTD','1109',5,0,40,'G','MAXICO EXPRESS 1','BAGGIO MULTIFRUTA X 1 LT',40,0),
(3,1856,70,'2021-12-20',9998,'RTD','4644',2,0,20,'G','MAXICO EXPRESS 1','CACAO EL QUILLA X 900 GR',20,0),
(3,1859,1,'2022-01-11',9998,'RTD','8612',0,10,10,'G','MAXICO EXPRESS 1','CALDO WILDE CUBO VERDURA X 12',10,0),
(3,1859,2,'2022-01-11',9998,'RTD','8653',0,10,10,'G','MAXICO EXPRESS 1','CALDO KNORR CUBO VERDURA EST X 12',10,0),
(3,1859,3,'2022-01-11',9998,'RTD','1107',5,0,40,'G','MAXICO EXPRESS 1','BAGGIO NARANJA X 1 LT',40,0),
(3,1859,5,'2022-01-11',9998,'RTD','8881',5,0,30,'G','MAXICO EXPRESS 1','VINO ESTANCIA MZA MERL-MALB X 750 CC',30,0),
(3,1859,6,'2022-01-11',9998,'RTD','8886',5,0,30,'G','MAXICO EXPRESS 1','VINO ESTANCIA MZA CABERNET-MALB X 750 CC',30,0),
(3,1859,7,'2022-01-11',9998,'RTD','7522',3,0,48,'G','MAXICO EXPRESS 1','GALL PAR-NOR MINI PITUSAS FRUT X 300 GR',48,0),
(3,1859,8,'2022-01-11',9998,'RTD','7523',3,0,48,'G','MAXICO EXPRESS 1','GALL PAR-NOR MINI PITUSAS VAIN X 300 GR',48,0),
(3,1859,9,'2022-01-11',9998,'RTD','2425',2,0,48,'G','MAXICO EXPRESS 1','OFF CREMA X 60 CC',48,0),
(3,1859,10,'2022-01-11',9998,'RTD','5885',0,24,24,'G','MAXICO EXPRESS 1','ATUN BAHIA LOMOS NATURAL X 170 GR',24,0),
(3,1859,11,'2022-01-11',9998,'RTD','1260',1,0,20,'G','MAXICO EXPRESS 1','CHIC BELDENT MENTA FUERTE X 20 UND',20,0),
(3,1859,12,'2022-01-11',9998,'RTD','2142',1,0,12,'G','MAXICO EXPRESS 1','FIDEOS SAN AGUSTIN NIDO CAB.ANGEL X500GR',12,0),
(3,1859,13,'2022-01-11',9998,'RTD','8905',5,0,30,'G','MAXICO EXPRESS 1','VINO TORO VIEJO BONARDA-SYRAH X 750 CC',30,0),
(3,1859,14,'2022-01-11',9998,'RTD','1109',5,0,40,'G','MAXICO EXPRESS 1','BAGGIO MULTIFRUTA X 1 LT',40,0),
(3,1859,15,'2022-01-11',9998,'RTD','8477',0,6,6,'G','MAXICO EXPRESS 1','CIF ORIGINAL X 750 GR',6,0),
(3,1859,16,'2022-01-11',9998,'RTD','9407',5,0,120,'G','MAXICO EXPRESS 1','DR LEMON C/VODKA X 473 CC',120,0),
(3,1859,17,'2022-01-11',9998,'RTD','9260',10,0,120,'G','MAXICO EXPRESS 1','ENERGIZANTE SPEED LATA X 500 CC',120,0),
(3,1859,18,'2022-01-11',9998,'RTD','2211',2,0,24,'G','MAXICO EXPRESS 1','FIDEOS SAN AGUSTIN MOSTACHOLL X 500 GR',24,0),
(3,1859,19,'2022-01-11',9998,'RTD','2141',2,0,24,'G','MAXICO EXPRESS 1','FIDEOS SAN AGUSTIN MUNICIONES X 500 GR',24,0),
(3,1859,20,'2022-01-11',9998,'RTD','9653',0,6,6,'G','MAXICO EXPRESS 1','FUYI TABLETAS X 72 UND',6,0),
(3,1859,21,'2022-01-11',9998,'RTD','1580',20,0,360,'G','MAXICO EXPRESS 1','BAGGIO MULTIFRUTA X 125 CC',360,0),
(3,1859,22,'2022-01-11',9998,'RTD','2540',5,0,40,'G','MAXICO EXPRESS 1','BAGGIO NARANJA S/AZUCAR X 1 LT',40,0),
(3,1859,23,'2022-01-11',9998,'RTD','7936',1,0,36,'G','MAXICO EXPRESS 1','GALL MANA VAINILLA X 145 GR',36,0),
(3,1859,24,'2022-01-11',9998,'RTD','4372',1,0,8,'G','MAXICO EXPRESS 1','GALL SALADIX DUO QUE/JAM 6 X 25 GR',8,0),
(3,1859,25,'2022-01-11',9998,'RTD','4371',1,0,8,'G','MAXICO EXPRESS 1','GALL SALADIX PIZZA 6 X 30 GR',8,0),
(3,1859,26,'2022-01-11',9998,'RTD','3236',0,24,24,'G','MAXICO EXPRESS 1','RAID MAX CUCARACHAS X 360 CC',24,0),
(3,1859,27,'2022-01-11',9998,'RTD','8909',5,0,30,'G','MAXICO EXPRESS 1','VINO CENTENARIO MALBEC X 750 CC',30,0),
(3,1859,29,'2022-01-11',9998,'RTD','8068',5,0,30,'G','MAXICO EXPRESS 1','VODKA SMIRNOFF CITRUS X 700 CC',30,0),
(3,1859,30,'2022-01-11',9998,'RTD','8071',5,0,30,'G','MAXICO EXPRESS 1','VODKA SMIRNOFF GREEN APPLE X 700 CC',30,0),
(3,1859,31,'2022-01-11',9998,'RTD','9007',5,0,30,'G','MAXICO EXPRESS 1','VODKA SMIRNOFF WATER MELON X 700 CC',30,0),
(3,1859,32,'2022-01-11',9998,'RTD','8072',3,0,18,'G','MAXICO EXPRESS 1','VODKA SMIRNOFF RASPBERRY X 700 CC',18,0),
(3,1859,33,'2022-01-11',9998,'RTD','8038',5,0,60,'G','MAXICO EXPRESS 1','DR LEMON C/VODKA X 1 L',60,0),
(3,1859,34,'2022-01-11',9998,'RTD','9725',0,6,6,'G','MAXICO EXPRESS 1','CARAMELOS CATZ POP X 6 UNI',6,0),
(3,1859,36,'2022-01-11',9998,'RTD','1686',0,8,8,'G','MAXICO EXPRESS 1','PILA PARA FOTOGRAFIA ALKAL. A76 X 10 UND',8,0),
(3,1859,37,'2022-01-11',9998,'RTD','2321',5,0,70,'G','MAXICO EXPRESS 1','GALL 9 DE ORO PASEO CRACKERS X 300 GR',70,0),
(3,1859,38,'2022-01-11',9998,'RTD','4665',3,0,45,'G','MAXICO EXPRESS 1','GALL 9 DE ORO CHATITAS X 140 GR',45,0),
(3,1859,39,'2022-01-11',9998,'RTD','8163',0,1,1,'G','MAXICO EXPRESS 1','GALL FANTOCHE YAYITAS BLACK X 250 GR',1,0),
(3,1859,40,'2022-01-11',9998,'RTD','8163',0,11,11,'G','MAXICO EXPRESS 1','GALL FANTOCHE YAYITAS BLACK X 250 GR',11,0),
(3,1859,41,'2022-01-11',9998,'RTD','6935',1,0,12,'G','MAXICO EXPRESS 1','GALL FANTOCHE MARMOLADA X 350 GR',12,0),
(3,1859,42,'2022-01-11',9998,'RTD','6939',1,0,12,'G','MAXICO EXPRESS 1','GALL FANTOCHE TAPITAS X 350 GR',12,0),
(3,1859,43,'2022-01-11',9998,'RTD','9120',1,0,56,'G','MAXICO EXPRESS 1','GALL GALLO DE ARROZ SALADOS X 100 GR',56,0),
(3,1859,44,'2022-01-11',9998,'RTD','2427',2,0,24,'G','MAXICO EXPRESS 1','MER NOEL DURAZNO X 454 GR',24,0),
(3,1859,45,'2022-01-11',9998,'RTD','9368',3,0,36,'G','MAXICO EXPRESS 1','FUYI MMM AEROSOL X 360 CC',36,0),
(3,1859,46,'2022-01-11',9998,'RTD','2321',3,0,42,'G','MAXICO EXPRESS 1','GALL 9 DE ORO PASEO CRACKERS X 300 GR',42,0),
(3,1860,2,'2022-01-17',9998,'RTD','8445',2,0,24,'G','MAXICO EXPRESS 1','ACEITE PUREZA GIRASOL X 1.5 LT',24,0),
(3,1860,3,'2022-01-17',9998,'RTD','3900',0,10,10,'G','MAXICO EXPRESS 1','RAZA PERROS ADULTOS CARNE x 21 KG',10,0),
(3,1860,4,'2022-01-17',9998,'RTD','6371',0,3,3,'G','MAXICO EXPRESS 1','AEROSOL AMBAR BUBBLEGUM X 280 CC',3,0),
(3,1860,5,'2022-01-17',9998,'RTD','6383',0,3,3,'G','MAXICO EXPRESS 1','AEROSOL SAPHIRUS BUBBLEGUM',3,0),
(3,1860,6,'2022-01-17',9998,'RTD','6381',0,3,3,'G','MAXICO EXPRESS 1','AEROSOL SAPHIRUS VERBENA',3,0),
(3,1860,7,'2022-01-17',9998,'RTD','1217',1,0,20,'G','MAXICO EXPRESS 1','AGUA OXIGENADA 321 LIQUIDA 10VOL.100 CC',20,0),
(3,1860,8,'2022-01-17',9998,'RTD','1216',1,0,20,'G','MAXICO EXPRESS 1','AGUA OXIGENADA 321CREMOSA 30VOL.X 100',20,0),
(3,1860,9,'2022-01-17',9998,'RTD','4457',3,0,45,'G','MAXICO EXPRESS 1','ALC PORTA X 250 CC',45,0),
(3,1860,10,'2022-01-17',9998,'RTD','4458',3,0,36,'G','MAXICO EXPRESS 1','ALC PORTA X 500 CC',36,0),
(3,1860,11,'2022-01-17',9998,'RTD','7675',1,0,8,'G','MAXICO EXPRESS 1','ARITOS FRUTALES NANI X 130 GR',8,0),
(3,1860,12,'2022-01-17',9998,'RTD','7986',0,3,3,'G','MAXICO EXPRESS 1','AROMATIZADOR ANALOGICO SAPHIRUS',3,0),
(3,1860,13,'2022-01-17',9998,'RTD','6404',0,3,3,'G','MAXICO EXPRESS 1','AROMATIZADOR AUTO RUTA 66 CITRICO X 2UND',3,0),
(3,1860,14,'2022-01-17',9998,'RTD','6408',0,3,3,'G','MAXICO EXPRESS 1','AROMATIZADOR AUTO RUTA 66 FRUT ROJOS X 2',3,0),
(3,1860,15,'2022-01-17',9998,'RTD','6406',0,3,3,'G','MAXICO EXPRESS 1','AROMATIZADOR AUTO RUTA 66 MARINO X 2 UND',3,0),
(3,1860,16,'2022-01-17',9998,'RTD','9667',0,2,2,'G','MAXICO EXPRESS 1','AURICULAR BLUETOOTH AIRPODS I16',2,0),
(3,1860,17,'2022-01-17',9998,'RTD','9665',0,2,2,'G','MAXICO EXPRESS 1','AURICULAR BLUETOOTH EARBUDS A6S',2,0),
(3,1860,18,'2022-01-17',9998,'RTD','9634',0,2,2,'G','MAXICO EXPRESS 1','AURICULAR STEREO MAXEL TIPO (H-MIC)',2,0),
(3,1860,19,'2022-01-17',9998,'RTD','1108',5,0,40,'G','MAXICO EXPRESS 1','BAGGIO DURAZNO X 1 LT',40,0),
(3,1860,20,'2022-01-17',9998,'RTD','1109',5,0,40,'G','MAXICO EXPRESS 1','BAGGIO MULTIFRUTA X 1 LT',40,0),
(3,1860,21,'2022-01-17',9998,'RTD','1107',5,0,40,'G','MAXICO EXPRESS 1','BAGGIO NARANJA X 1 LT',40,0),
(3,1860,22,'2022-01-17',9998,'RTD','1106',3,0,24,'G','MAXICO EXPRESS 1','BAGGIO PERA X 1 LT',24,0),
(3,1860,23,'2022-01-17',9998,'RTD','8604',0,3,3,'G','MAXICO EXPRESS 1','BANANA BOAT CREMA F50 X 180 ML',3,0),
(3,1860,24,'2022-01-17',9998,'RTD','9364',0,12,12,'G','MAXICO EXPRESS 1','BLEM AEROSOL X 360 CC',12,0),
(3,1860,25,'2022-01-17',9998,'RTD','7131',1,0,20,'G','MAXICO EXPRESS 1','BOCA DE DAMA X 160 GR',20,0),
(3,1860,26,'2022-01-17',9998,'RTD','4646',3,0,75,'G','MAXICO EXPRESS 1','CACAO EL QUILLA X 200 GR',75,0),
(3,1860,27,'2022-01-17',9998,'RTD','2220',1,0,10,'G','MAXICO EXPRESS 1','CAR ALKA STRONG X 800 GR',10,0),
(3,1860,28,'2022-01-17',9998,'RTD','2183',5,0,50,'G','MAXICO EXPRESS 1','CAR MISKY MASTICABLES SURT X 800 GR',50,0),
(3,1860,29,'2022-01-17',9998,'RTD','1251',1,0,12,'G','MAXICO EXPRESS 1','CAR PALITOS DE LA SELVA X 600 GR',12,0),
(3,1860,30,'2022-01-17',9998,'RTD','8201',2,0,24,'G','MAXICO EXPRESS 1','CAR PICO DULCE ANIMALS X 500 GR',24,0),
(3,1860,31,'2022-01-17',9998,'RTD','6083',0,20,20,'G','MAXICO EXPRESS 1','JABON DOVE X 90 GR',20,0),
(3,1860,32,'2022-01-17',9998,'RTD','8668',1,0,12,'G','MAXICO EXPRESS 1','JABON LIQ PB DOYPACK RECONEXION X 250 ML',12,0),
(3,1860,33,'2022-01-17',9998,'RTD','8558',0,20,20,'G','MAXICO EXPRESS 1','JABON SUAVE X 90 GR',20,0),
(3,1860,34,'2022-01-17',9998,'RTD','9518',2,0,24,'G','MAXICO EXPRESS 1','JUGO NOEL FRUTILLA 18 X 18 GR',24,0),
(3,1860,35,'2022-01-17',9998,'RTD','9160',5,0,60,'G','MAXICO EXPRESS 1','JUGO NOEL LIMONADA 18 X 18 GR',60,0),
(3,1860,36,'2022-01-17',9998,'RTD','9158',5,0,60,'G','MAXICO EXPRESS 1','JUGO NOEL NARANJA 18 X 18 GR',60,0),
(3,1860,37,'2022-01-17',9998,'RTD','7538',5,0,40,'G','MAXICO EXPRESS 1','LECHE BAGGIO CHOCOLATADA X 1000 CC',40,0),
(3,1860,38,'2022-01-17',9998,'RTD','6149',10,0,10,'G','MAXICO EXPRESS 1','GAUCHO PERROS ADULTOS CARNE X 25 KG',10,0),
(3,1860,39,'2022-01-17',9998,'RTD','8611',1,0,12,'G','MAXICO EXPRESS 1','DESODORANTE AXE FRESC SALV',12,0),
(3,1860,40,'2022-01-17',9998,'RTD','8424',1,0,20,'G','MAXICO EXPRESS 1','DET ZORRO ULTRA NAR JENG X 300ML 463',20,0),
(3,1860,41,'2022-01-17',9998,'RTD','6390',0,3,3,'G','MAXICO EXPRESS 1','DIFUSOR AROMATICO SAPHIRUS HAWAI',3,0),
(3,1860,42,'2022-01-17',9998,'RTD','6392',0,3,3,'G','MAXICO EXPRESS 1','DIFUSOR AROMATICO SAPHIRUS LAVANDA',3,0),
(3,1860,43,'2022-01-17',9998,'RTD','6391',0,3,3,'G','MAXICO EXPRESS 1','DIFUSOR AROMATICO SAPHIRUS LIMON',3,0),
(3,1860,44,'2022-01-17',9998,'RTD','8452',5,0,60,'G','MAXICO EXPRESS 1','DR LEMON RED BERRY X 1 L',60,0),
(3,1860,45,'2022-01-17',9998,'RTD','7423',4,0,4,'G','MAXICO EXPRESS 1','EDULCORANTE TUY X 400 SOBRES',4,0),
(3,1860,46,'2022-01-17',9998,'RTD','2142',2,0,24,'G','MAXICO EXPRESS 1','FIDEOS SAN AGUSTIN NIDO CAB.ANGEL X500GR',24,0),
(3,1860,47,'2022-01-17',9998,'RTD','2212',2,0,24,'G','MAXICO EXPRESS 1','FIDEOS SAN AGUSTIN TIRABUZON X 500 GR',24,0),
(3,1860,48,'2022-01-17',9998,'RTD','7296',3,0,36,'G','MAXICO EXPRESS 1','FIDEOS SAN AGUSTIN TALLARIN X 500 GR',36,0),
(3,1860,49,'2022-01-17',9998,'RTD','6360',0,3,3,'G','MAXICO EXPRESS 1','FRAGANCIA TEXTIL SAPHIRUS HAWAI X 250 ML',3,0),
(3,1860,50,'2022-01-17',9998,'RTD','6365',0,3,3,'G','MAXICO EXPRESS 1','FRAGANCIA TEXTIL SAPHIRUS INVICTO X 250',3,0),
(3,1860,51,'2022-01-17',9998,'RTD','6355',0,3,3,'G','MAXICO EXPRESS 1','FRAGANCIA TEXTIL SAPHIRUS UVA X 250 ML',3,0),
(3,1860,52,'2022-01-17',9998,'RTD','9119',1,0,56,'G','MAXICO EXPRESS 1','GALL GALLO DE ARROZ TORTA NEGRA X 100 GR',56,0),
(3,1860,53,'2022-01-17',9998,'RTD','5059',5,0,40,'G','MAXICO EXPRESS 1','GALL MEDIA TARDE SAND 5 X 107 GR',40,0),
(3,1860,54,'2022-01-17',9998,'RTD','9590',30,0,420,'G','MAXICO EXPRESS 1','GALL MEDIA TARDE 3 X 105 GR',420,0),
(3,1860,55,'2022-01-17',9998,'RTD','2764',0,20,20,'G','MAXICO EXPRESS 1','GALL REX KESITAS X 75 GR',20,0),
(3,1860,56,'2022-01-17',9998,'RTD','2790',0,20,20,'G','MAXICO EXPRESS 1','GALL REX X 75 GR',20,0),
(3,1860,57,'2022-01-17',9998,'RTD','9587',0,10,10,'G','MAXICO EXPRESS 1','GALL TERRABUSI CHIPS CHOC X 144 GR',10,0),
(3,1860,58,'2022-01-17',9998,'RTD','2403',1,0,16,'G','MAXICO EXPRESS 1','GALL TRAVIATA 3 X 101 GR',16,0),
(3,1860,59,'2022-01-17',9998,'RTD','2419',0,20,20,'G','MAXICO EXPRESS 1','GALL TRAVIATA X 101 GR',20,0),
(3,1860,60,'2022-01-17',9998,'RTD','5243',1,0,14,'G','MAXICO EXPRESS 1','GALL TURIMAR PALMERITAS X 200 GR',14,0),
(3,1860,61,'2022-01-17',9998,'RTD','2887',3,0,30,'G','MAXICO EXPRESS 1','GALL VOCACION ACARA X 435 GR',30,0),
(3,1860,62,'2022-01-17',9998,'RTD','7943',0,3,3,'G','MAXICO EXPRESS 1','GOMITAS MOGUL OSITOS 12 X 30 GR',3,0),
(3,1860,63,'2022-01-17',9998,'RTD','7944',0,3,3,'G','MAXICO EXPRESS 1','GOMITAS MOGUL PIECITOS 12 X 25 GR',3,0),
(3,1860,64,'2022-01-17',9998,'RTD','7945',0,3,3,'G','MAXICO EXPRESS 1','GOMITAS MOGUL TIBURONCITOS 12 X 30 GR',3,0),
(3,1860,65,'2022-01-17',9998,'RTD','9583',1,0,24,'G','MAXICO EXPRESS 1','GOMITAS PICO DULCE X 150 GR',24,0),
(3,1860,66,'2022-01-17',9998,'RTD','4445',1,0,20,'G','MAXICO EXPRESS 1','GRISIN RIERA CLASICO X 160 GR',20,0),
(3,1860,67,'2022-01-17',9998,'RTD','4763',0,2,2,'G','MAXICO EXPRESS 1','HT ACEITE BRONC  FS4 X 240ML',2,0),
(3,1860,68,'2022-01-17',9998,'RTD','8324',0,30,30,'G','MAXICO EXPRESS 1','JAB BLANCO GRAN FEDERAL TRAD X150G 238',30,0),
(3,1860,69,'2022-01-17',9998,'RTD','8326',0,20,20,'G','MAXICO EXPRESS 1','JAB BLANCO ZORRO CLASICO 2 X 150G 244',20,0),
(3,1860,70,'2022-01-17',9998,'RTD','8378',0,10,10,'G','MAXICO EXPRESS 1','JAB CAMPOS VERDES AROMATERAPIA 3X120 981',10,0),
(3,1860,71,'2022-01-17',9998,'RTD','8368',0,10,10,'G','MAXICO EXPRESS 1','JAB LIMOL PUREZA CREMOSA 3 X 90 GR 914',10,0),
(3,1860,72,'2022-01-17',9998,'RTD','8379',0,20,20,'G','MAXICO EXPRESS 1','JAB PLUSBELLE BALANCE X 125 GR 989',20,0),
(3,1860,73,'2022-01-17',9998,'RTD','8385',0,20,20,'G','MAXICO EXPRESS 1','JAB PLUSBELLE ENERGIA X 125 GR 995',20,0),
(3,1860,74,'2022-01-17',9998,'RTD','8388',0,20,20,'G','MAXICO EXPRESS 1','JAB PLUSBELLE FRESCURA 3 X 125 GR 784',20,0),
(3,1860,75,'2022-01-17',9998,'RTD','8787',0,2,2,'G','MAXICO EXPRESS 1','LINT RAYOVAC HIBRIDA 19LED 220+3AA',2,0),
(3,1860,76,'2022-01-17',9998,'RTD','8856',0,2,2,'G','MAXICO EXPRESS 1','LINT. ENERG. GOMA 2AAA (RBR222)',2,0),
(3,1860,77,'2022-01-17',9998,'RTD','2867',1,0,12,'G','MAXICO EXPRESS 1','MARTINI ROSSO X 1 LT',12,0),
(3,1860,78,'2022-01-17',9998,'RTD','7373',5,0,50,'G','MAXICO EXPRESS 1','MATE COCIDO EL LITORAL SAQUITOS 25 X 3GR',50,0),
(3,1860,79,'2022-01-17',9998,'RTD','6078',0,3,3,'G','MAXICO EXPRESS 1','MATE LISTO TARAGUI',3,0),
(3,1860,80,'2022-01-17',9998,'RTD','8494',2,0,4,'G','MAXICO EXPRESS 1','MAYONESA HELLMANNS SCHET 20 X 118 GR',4,0),
(3,1860,83,'2022-01-17',9998,'RTD','2418',2,0,56,'G','MAXICO EXPRESS 1','OBLEA OPERA X 92 GR',56,0),
(3,1860,85,'2022-01-17',9998,'RTD','7247',0,10,10,'G','MAXICO EXPRESS 1','PAPEL OCB 1 1/4  25 X 50 HOJAS',10,0),
(3,1860,86,'2022-01-17',9998,'RTD','8433',1,0,12,'G','MAXICO EXPRESS 1','PASTA SECAS INTEGRALES TIRABUZON',12,0),
(3,1860,87,'2022-01-17',9998,'RTD','3049',1,0,6,'G','MAXICO EXPRESS 1','PEG EL PULPITO X 50 G',6,0),
(3,1860,88,'2022-01-17',9998,'RTD','8102',1,0,120,'G','MAXICO EXPRESS 1','PEG ECCOLE 9 R',120,0),
(3,1860,89,'2022-01-17',9998,'RTD','2019',0,30,30,'G','MAXICO EXPRESS 1','PEG POXILINA 10M X 70 GR',30,0),
(3,1860,90,'2022-01-17',9998,'RTD','3261',0,18,18,'G','MAXICO EXPRESS 1','PEG POXITAS X 12 UND',18,0),
(3,1860,91,'2022-01-17',9998,'RTD','3867',3,0,30,'G','MAXICO EXPRESS 1','PISINGALLO LAS ACHIRAS X 400 GR',30,0),
(3,1860,92,'2022-01-17',9998,'RTD','2698',5,0,120,'G','MAXICO EXPRESS 1','PRIME EXTRA LUBRICADO X 3 UND',120,0),
(3,1860,93,'2022-01-17',9998,'RTD','8466',2,0,24,'G','MAXICO EXPRESS 1','PRIME PRIDE X 3 UND',24,0),
(3,1860,94,'2022-01-17',9998,'RTD','1374',5,0,120,'G','MAXICO EXPRESS 1','PRIME SUPER FINOS X 3 UND',120,0),
(3,1860,95,'2022-01-17',9998,'RTD','9498',0,30,30,'G','MAXICO EXPRESS 1','PROT DONCELLA TANGA S/D X 20 UND',30,0),
(3,1860,96,'2022-01-17',9998,'RTD','5162',1,0,12,'G','MAXICO EXPRESS 1','RAID EXTERMINADOR X 390 CC',12,0),
(3,1860,97,'2022-01-17',9998,'RTD','8624',2,0,24,'G','MAXICO EXPRESS 1','RAID CASA Y JARDIN X 360 CC',24,0),
(3,1860,98,'2022-01-17',9998,'RTD','9573',0,3,3,'G','MAXICO EXPRESS 1','RAID MAX JERINGA 3G',3,0),
(3,1860,99,'2022-01-17',9998,'RTD','8498',2,0,2,'G','MAXICO EXPRESS 1','RAZA PERROS AD CARNE Y MIX VEGET X 21 KG',2,0),
(3,1860,100,'2022-01-17',9998,'RTD','2720',0,6,6,'G','MAXICO EXPRESS 1','RON BACARDI LIGHT 40% X 1 LT',6,0),
(3,1860,101,'2022-01-17',9998,'RTD','7769',2,0,12,'G','MAXICO EXPRESS 1','SAL DINO CON PIMIENTA X 378 GR',12,0),
(3,1860,102,'2022-01-17',9998,'RTD','9124',1,0,6,'G','MAXICO EXPRESS 1','SALSA DINO CRIOLLA AHUMADA X 250 CC',6,0),
(3,1860,103,'2022-01-17',9998,'RTD','1517',1,0,24,'G','MAXICO EXPRESS 1','SALSA NOEL FILLETTO DP X 350 GR',24,0),
(3,1860,104,'2022-01-17',9998,'RTD','8730',5,0,30,'G','MAXICO EXPRESS 1','SCHWEPPES TONICA X 1.5 LT',30,0),
(3,1860,105,'2022-01-17',9998,'RTD','8429',0,3,3,'G','MAXICO EXPRESS 1','SHAM PLUSBELLE BALANCE X 1 LT -887-',3,0),
(3,1860,106,'2022-01-17',9998,'RTD','8347',0,3,3,'G','MAXICO EXPRESS 1','SHAM PLUSBELLE DETOX X 1 LT 862',3,0),
(3,1860,107,'2022-01-17',9998,'RTD','8491',0,6,6,'G','MAXICO EXPRESS 1','SHAM SEDAL BOMBA COCO X 190 ML',6,0),
(3,1860,108,'2022-01-17',9998,'RTD','8488',0,6,6,'G','MAXICO EXPRESS 1','SHAM SEDAL BOMBA NUTRICION X 190 ML',6,0),
(3,1860,109,'2022-01-17',9998,'RTD','9645',0,2,2,'G','MAXICO EXPRESS 1','SOPORTE UNIV. VENTILACION CON IMAN',2,0),
(3,1860,110,'2022-01-17',9998,'RTD','8342',0,6,6,'G','MAXICO EXPRESS 1','SUAVIZANTE ZORRO JARD GERANIO X900ML 243',6,0),
(3,1860,111,'2022-01-17',9998,'RTD','9661',1,0,4,'G','MAXICO EXPRESS 1','SUAVIZANTE ZORRO ROSAS-FLOR BX3 LT',4,0),
(3,1860,112,'2022-01-17',9998,'RTD','5514',1,0,12,'G','MAXICO EXPRESS 1','TANG MULTIFRUTA 20 X 18 GR',12,0),
(3,1860,113,'2022-01-17',9998,'RTD','1545',1,0,12,'G','MAXICO EXPRESS 1','TANG PERA 20 X 18 GR',12,0),
(3,1860,114,'2022-01-17',9998,'RTD','7462',1,0,6,'G','MAXICO EXPRESS 1','TE AMARILLO CACHAMAI SAQ X 20',100,0),
(3,1860,115,'2022-01-17',9998,'RTD','7461',1,0,6,'G','MAXICO EXPRESS 1','TE MANZANILLA CACHAMAI SAQ X 20',6,0),
(3,1860,116,'2022-01-17',9998,'RTD','2259',1,0,30,'G','MAXICO EXPRESS 1','TORRONCINO X 23 GR',30,0),
(3,1860,117,'2022-01-17',9998,'RTD','5979',3,0,36,'G','MAXICO EXPRESS 1','TOST MANIERI LIGHT EQUILIBRIO X 200 GR',36,0),
(3,1860,118,'2022-01-17',9998,'RTD','4914',2,0,12,'G','MAXICO EXPRESS 1','VINO EL PORTILLO MALBEC X 750 CC',12,0),
(3,1860,119,'2022-01-17',9998,'RTD','8883',3,0,18,'G','MAXICO EXPRESS 1','VINO ESTANCIA MZA MALBEC X 750 CC',18,0),
(3,1860,120,'2022-01-17',9998,'RTD','8810',1,0,6,'G','MAXICO EXPRESS 1','VINO LA GRAN NACHA SYRAH X 750 CC',6,0),
(3,1860,121,'2022-01-17',9998,'RTD','9526',0,6,6,'G','MAXICO EXPRESS 1','WACKY MONKEY X 8 UND',6,0),
(3,1860,122,'2022-01-17',9998,'RTD','7756',0,6,6,'G','MAXICO EXPRESS 1','WATER POP X 8 UND',6,0),
(3,1860,123,'2022-01-17',9998,'RTD','3798',1,0,6,'G','MAXICO EXPRESS 1','WHISKY CHIVAS R 12 ANOS X 750 C',6,0),
(3,1860,124,'2022-01-17',9998,'RTD','5923',1,0,12,'G','MAXICO EXPRESS 1','WHISKY JOHNNIE WALKER RED LABEL X 750 CC',12,0),
(3,1860,125,'2022-01-17',9998,'RTD','7453',1,0,12,'G','MAXICO EXPRESS 1','YERBA MATE CACHAMATE PAMPEANA X 500 GR',12,0),
(3,1860,126,'2022-01-17',9998,'RTD','7459',2,0,24,'G','MAXICO EXPRESS 1','YERBA MATE CACHAMATE ROSA X 500 GR',24,0),
(3,1860,127,'2022-01-17',9998,'RTD','8651',1,0,10,'G','MAXICO EXPRESS 1','YERBA MATE ROSAMONTE SUAVE X 1 KG',10,0),
(3,1860,128,'2022-01-17',9998,'RTD','8647',1,0,10,'G','MAXICO EXPRESS 1','YERBA MATE ROSAMONTE X 1 KG',10,0),
(3,1860,129,'2022-01-17',9998,'RTD','8652',1,0,10,'G','MAXICO EXPRESS 1','YERBA MATE ROSAMONTE SUAVE X 500 GR',10,0),
(3,1860,130,'2022-01-17',9998,'RTD','4963',1,0,10,'G','MAXICO EXPRESS 1','SEMOLA LA EGIPCIANA SELEC.SUP. X 400 GR',10,0),
(3,1860,131,'2022-01-17',9998,'RTD','8713',0,6,6,'G','MAXICO EXPRESS 1','SHAM DOVE RECONSTRUCCION COMP X 200 M',6,0),
(3,1860,132,'2022-01-17',9998,'RTD','8489',0,6,6,'G','MAXICO EXPRESS 1','SHAM SEDAL BOMBA ARGAN X 190 ML',6,0),
(3,1860,133,'2022-01-17',9998,'RTD','2009',0,12,12,'G','MAXICO EXPRESS 1','SHAM SEDAL CERAMIDAS X 24 UND',12,0),
(3,1860,134,'2022-01-17',9998,'RTD','8631',2,0,12,'G','MAXICO EXPRESS 1','GIN BOLS PINK X 750 CC',12,0),
(3,1860,135,'2022-01-17',9998,'RTD','6422',2,0,12,'G','MAXICO EXPRESS 1','GIN BOMBAY BRAMBLE X 700 CC',12,0),
(3,1860,136,'2022-01-17',9998,'RTD','4371',1,0,8,'G','MAXICO EXPRESS 1','GALL SALADIX PIZZA 6 X 30 GR',8,0),
(3,1860,137,'2022-01-17',9998,'RTD','4370',1,0,8,'G','MAXICO EXPRESS 1','GALL SALADIX JAMON 6 X 30 GR',8,0),
(3,1860,138,'2022-01-17',9998,'RTD','4532',1,0,8,'G','MAXICO EXPRESS 1','GALL SALADIX CALABRESA 6 X 30 GR',8,0),
(3,1860,139,'2022-01-17',9998,'RTD','2335',3,0,120,'G','MAXICO EXPRESS 1','GALL POLVORITAS CHOCOLATE X 80 GR',120,0),
(3,1860,140,'2022-01-17',9998,'RTD','2334',3,0,120,'G','MAXICO EXPRESS 1','GALL POLVORITAS VAINILLA X 80 GR',120,0),
(3,1860,141,'2022-01-17',9998,'RTD','2207',0,20,20,'G','MAXICO EXPRESS 1','GALL CLUB SOCIAL X 144 GR',20,0),
(3,1860,142,'2022-01-17',9998,'RTD','7205',1,0,20,'G','MAXICO EXPRESS 1','GALL BENJAMIN ANILLOS COCO X 160 GR',20,0),
(3,1860,143,'2022-01-17',9998,'RTD','1487',5,0,100,'G','MAXICO EXPRESS 1','GALL 9 DE ORO AZUCARADA X 210 GR',100,0),
(3,1860,144,'2022-01-17',9998,'RTD','9181',5,0,80,'G','MAXICO EXPRESS 1','GALL 9 DE ORO COOKIES CHIPS X 120 GR',80,0),
(3,1860,145,'2022-01-17',9998,'RTD','9335',5,0,80,'G','MAXICO EXPRESS 1','GALL 9 DE ORO COOK. CHIPS COLOR X 120 GR',80,0),
(3,1860,146,'2022-01-17',9998,'RTD','9334',5,0,80,'G','MAXICO EXPRESS 1','GALL 9 DE ORO COOKIES CHIPS BLA X 120 GR',80,0),
(3,1860,147,'2022-01-17',9998,'RTD','8552',1,0,12,'G','MAXICO EXPRESS 1','TOST PASEO CLASICA X 200 GR',12,0),
(3,1860,148,'2022-01-17',9998,'RTD','8806',5,0,30,'G','MAXICO EXPRESS 1','SCHWEPPES POMELO S/AZUC LATA X 310 CC',30,0),
(3,1860,149,'2022-01-17',9998,'RTD','7857',1,0,12,'G','MAXICO EXPRESS 1','SEM PIPAS GIRASOL GIGANTE X 12 UND',12,0),
(3,1860,150,'2022-01-17',9998,'RTD','8634',5,0,200,'G','MAXICO EXPRESS 1','POSTRE DE MANI LHERITIER X 100 GR',200,0),
(3,1860,151,'2022-01-17',9998,'RTD','8736',10,0,60,'G','MAXICO EXPRESS 1','POWERADE FRUTOS TROPICALES X 500 CC',60,0),
(3,1860,152,'2022-01-17',9998,'RTD','9705',1,0,6,'G','MAXICO EXPRESS 1','SHAMPOO ARMOR ALL CAR WASH  X 709 ML',6,0),
(3,1860,153,'2022-01-17',9998,'RTD','8658',1,0,6,'G','MAXICO EXPRESS 1','SHAMPOO ARMOR ALL P/AUTO C/CERA X 473 ML',6,0),
(3,1860,154,'2022-01-17',9998,'RTD','8258',1,0,6,'G','MAXICO EXPRESS 1','VINO FOND CAVE GRAN RES BLEND X 750 CC',6,0),
(3,1860,155,'2022-01-17',9998,'RTD','8975',1,0,6,'G','MAXICO EXPRESS 1','VINO LOS INTOCABLES CAB. SAUV. X 750 CC',6,0),
(3,1860,156,'2022-01-17',9998,'RTD','8523',0,5,5,'G','MAXICO EXPRESS 1','CINTA PYTHON ALTA RESISTENCIA 9 MT NEGRO',5,0),
(3,1860,157,'2022-01-17',9998,'RTD','8522',0,2,2,'G','MAXICO EXPRESS 1','CINTA PYTHON ALTA RESISTENCIA 9 MTS GRIS',2,0),
(3,1860,158,'2022-01-17',9998,'RTD','9157',1,0,16,'G','MAXICO EXPRESS 1','CLIGHT LIMONADA 20 X 7.5 GR',16,0),
(3,1860,159,'2022-01-17',9998,'RTD','1764',1,0,16,'G','MAXICO EXPRESS 1','CLIGHT MANZANA DELICIOSA 20 X 7.5 GR',16,0),
(3,1860,160,'2022-01-17',9998,'RTD','1119',1,0,16,'G','MAXICO EXPRESS 1','CLIGHT NARANJA 20 X 8 GR',16,0),
(3,1860,161,'2022-01-17',9998,'RTD','7966',0,8,8,'G','MAXICO EXPRESS 1','CLIGHT NARANJA STEVIA 16 X 9.5 GR',8,0),
(3,1860,162,'2022-01-17',9998,'RTD','1120',0,8,8,'G','MAXICO EXPRESS 1','CLIGHT POMELO ROSADO 20 X 9.5 GR',8,0),
(3,1860,163,'2022-01-17',9998,'RTD','5185',1,0,300,'G','MAXICO EXPRESS 1','GLOBOS CANDELA DE AGUA X 100 UND',300,0),
(3,1860,164,'2022-01-17',9998,'RTD','8725',5,0,30,'G','MAXICO EXPRESS 1','COCA COLA X 1.5 LT',30,0),
(3,1860,165,'2022-01-17',9998,'RTD','9724',1,0,48,'G','MAXICO EXPRESS 1','ALF SIMPLE MANON X 43 GR',48,0),
(3,1860,166,'2022-01-17',9998,'RTD','4642',1,0,20,'G','MAXICO EXPRESS 1','ALGODON DONCELLA X 140 GR',20,0),
(3,1860,167,'2022-01-17',9998,'RTD','4641',1,0,40,'G','MAXICO EXPRESS 1','ALGODON DONCELLA X 70 GR',40,0),
(3,1860,168,'2022-01-17',9998,'RTD','6085',10,0,10,'G','MAXICO EXPRESS 1','ALF FANTOCHE TRIPLE CHOCOLATE 24 X 85 G',10,0),
(3,1860,169,'2022-01-17',9998,'RTD','5135',3,0,63,'G','MAXICO EXPRESS 1','ALF BON O BON TRIPLE CHOCOLATE X 60 GR',63,0),
(3,1860,170,'2022-01-17',9998,'RTD','7924',3,0,63,'G','MAXICO EXPRESS 1','ALF COFLER BLOCK TRIPLE X 60 GR',63,0),
(3,1860,171,'2022-01-17',9998,'RTD','7334',1,0,24,'G','MAXICO EXPRESS 1','ALF FANTOCHE MINI CHOCOLATE X 150 GR',24,0),
(3,1860,172,'2022-01-17',9998,'RTD','7818',5,0,5,'G','MAXICO EXPRESS 1','ALF FANTOCHE TRIPLE NIGHT 12 X 85 G',5,0),
(3,1860,173,'2022-01-17',9998,'RTD','1649',5,0,90,'G','MAXICO EXPRESS 1','BAGGIO MANZANA ROJA X 125 CC',90,0),
(3,1860,174,'2022-01-17',9998,'RTD','7636',4,0,24,'G','MAXICO EXPRESS 1','CAFE LA VIRGINIA INST SUAVE 36 X 1.7 GR',24,0),
(3,1860,175,'2022-01-17',9998,'RTD','7370',4,0,24,'G','MAXICO EXPRESS 1','CAFE LA VIRGINIA INST CLASICO 36 X 1.7GR',24,0),
(3,1860,176,'2022-01-17',9998,'RTD','2108',1,0,40,'G','MAXICO EXPRESS 1','ENC CANDELA TRANSPARENTE X 25 UND',40,0),
(3,1860,177,'2022-01-17',9998,'RTD','3479',1,0,24,'G','MAXICO EXPRESS 1','GALL VARIEDAD DORADA X 300 GR',24,0);

